r_p,wavelength,abs_sigma
4e-008,3e-007,1.30352e-015
4e-008,3.06122e-007,1.28359e-015
4e-008,3.12245e-007,1.63036e-015
4e-008,3.18367e-007,1.90047e-015
4e-008,3.2449e-007,1.66886e-015
4e-008,3.30612e-007,1.92057e-015
4e-008,3.36735e-007,2.22822e-015
4e-008,3.42857e-007,2.41036e-015
4e-008,3.4898e-007,2.0647e-015
4e-008,3.55102e-007,2.18356e-015
4e-008,3.61224e-007,2.70735e-015
4e-008,3.67347e-007,2.45076e-015
4e-008,3.73469e-007,2.9083e-015
4e-008,3.79592e-007,2.95875e-015
4e-008,3.85714e-007,3.00722e-015
4e-008,3.91837e-007,3.71053e-015
4e-008,3.97959e-007,3.34197e-015
4e-008,4.04082e-007,3.72597e-015
4e-008,4.10204e-007,3.91118e-015
4e-008,4.16327e-007,4.27163e-015
4e-008,4.22449e-007,4.72278e-015
4e-008,4.28571e-007,5.04765e-015
4e-008,4.34694e-007,4.59268e-015
4e-008,4.40816e-007,5.54458e-015
4e-008,4.46939e-007,6.07831e-015
4e-008,4.53061e-007,6.13091e-015
4e-008,4.59184e-007,5.72866e-015
4e-008,4.65306e-007,5.87777e-015
4e-008,4.71429e-007,6.60952e-015
4e-008,4.77551e-007,7.0854e-015
4e-008,4.83673e-007,7.06607e-015
4e-008,4.89796e-007,7.47398e-015
4e-008,4.95918e-007,7.58504e-015
4e-008,5.02041e-007,7.82228e-015
4e-008,5.08163e-007,8.23568e-015
4e-008,5.14286e-007,8.79639e-015
4e-008,5.20408e-007,8.87679e-015
4e-008,5.26531e-007,9.78104e-015
4e-008,5.32653e-007,9.43673e-015
4e-008,5.38776e-007,9.48411e-015
4e-008,5.44898e-007,1.02812e-014
4e-008,5.5102e-007,9.90375e-015
4e-008,5.57143e-007,1.05995e-014
4e-008,5.63265e-007,1.05636e-014
4e-008,5.69388e-007,1.06286e-014
4e-008,5.7551e-007,1.17685e-014
4e-008,5.81633e-007,1.17069e-014
4e-008,5.87755e-007,1.12486e-014
4e-008,5.93878e-007,1.17311e-014
4e-008,6e-007,1.20319e-014
4.08163e-008,3e-007,2.02976e-015
4.08163e-008,3.06122e-007,1.89622e-015
4.08163e-008,3.12245e-007,2.54869e-015
4.08163e-008,3.18367e-007,3.06672e-015
4.08163e-008,3.2449e-007,2.54365e-015
4.08163e-008,3.30612e-007,2.92063e-015
4.08163e-008,3.36735e-007,3.26646e-015
4.08163e-008,3.42857e-007,3.74899e-015
4.08163e-008,3.4898e-007,3.11292e-015
4.08163e-008,3.55102e-007,3.27518e-015
4.08163e-008,3.61224e-007,4.16212e-015
4.08163e-008,3.67347e-007,3.65081e-015
4.08163e-008,3.73469e-007,4.41765e-015
4.08163e-008,3.79592e-007,4.47436e-015
4.08163e-008,3.85714e-007,4.56285e-015
4.08163e-008,3.91837e-007,5.65575e-015
4.08163e-008,3.97959e-007,5.04534e-015
4.08163e-008,4.04082e-007,5.52855e-015
4.08163e-008,4.10204e-007,5.91081e-015
4.08163e-008,4.16327e-007,6.48014e-015
4.08163e-008,4.22449e-007,7.12728e-015
4.08163e-008,4.28571e-007,7.73819e-015
4.08163e-008,4.34694e-007,6.77885e-015
4.08163e-008,4.40816e-007,8.45071e-015
4.08163e-008,4.46939e-007,9.34045e-015
4.08163e-008,4.53061e-007,9.19318e-015
4.08163e-008,4.59184e-007,8.50533e-015
4.08163e-008,4.65306e-007,8.69048e-015
4.08163e-008,4.71429e-007,9.92879e-015
4.08163e-008,4.77551e-007,1.05185e-014
4.08163e-008,4.83673e-007,1.0259e-014
4.08163e-008,4.89796e-007,1.09312e-014
4.08163e-008,4.95918e-007,1.09353e-014
4.08163e-008,5.02041e-007,1.12434e-014
4.08163e-008,5.08163e-007,1.17714e-014
4.08163e-008,5.14286e-007,1.26396e-014
4.08163e-008,5.20408e-007,1.26744e-014
4.08163e-008,5.26531e-007,1.39581e-014
4.08163e-008,5.32653e-007,1.34223e-014
4.08163e-008,5.38776e-007,1.33092e-014
4.08163e-008,5.44898e-007,1.43487e-014
4.08163e-008,5.5102e-007,1.35644e-014
4.08163e-008,5.57143e-007,1.47076e-014
4.08163e-008,5.63265e-007,1.4393e-014
4.08163e-008,5.69388e-007,1.47517e-014
4.08163e-008,5.7551e-007,1.62289e-014
4.08163e-008,5.81633e-007,1.58655e-014
4.08163e-008,5.87755e-007,1.51526e-014
4.08163e-008,5.93878e-007,1.55395e-014
4.08163e-008,6e-007,1.59333e-014
4.16327e-008,3e-007,3.23546e-015
4.16327e-008,3.06122e-007,2.78219e-015
4.16327e-008,3.12245e-007,3.99295e-015
4.16327e-008,3.18367e-007,4.78586e-015
4.16327e-008,3.2449e-007,3.85831e-015
4.16327e-008,3.30612e-007,4.53076e-015
4.16327e-008,3.36735e-007,4.35184e-015
4.16327e-008,3.42857e-007,5.8707e-015
4.16327e-008,3.4898e-007,4.69995e-015
4.16327e-008,3.55102e-007,4.99742e-015
4.16327e-008,3.61224e-007,6.5075e-015
4.16327e-008,3.67347e-007,5.49823e-015
4.16327e-008,3.73469e-007,6.6681e-015
4.16327e-008,3.79592e-007,6.84095e-015
4.16327e-008,3.85714e-007,6.88894e-015
4.16327e-008,3.91837e-007,8.66921e-015
4.16327e-008,3.97959e-007,7.6828e-015
4.16327e-008,4.04082e-007,8.29201e-015
4.16327e-008,4.10204e-007,8.92278e-015
4.16327e-008,4.16327e-007,9.75909e-015
4.16327e-008,4.22449e-007,1.08153e-014
4.16327e-008,4.28571e-007,1.14431e-014
4.16327e-008,4.34694e-007,1.01372e-014
4.16327e-008,4.40816e-007,1.2615e-014
4.16327e-008,4.46939e-007,1.36327e-014
4.16327e-008,4.53061e-007,1.35286e-014
4.16327e-008,4.59184e-007,1.24493e-014
4.16327e-008,4.65306e-007,1.27026e-014
4.16327e-008,4.71429e-007,1.45353e-014
4.16327e-008,4.77551e-007,1.49966e-014
4.16327e-008,4.83673e-007,1.46736e-014
4.16327e-008,4.89796e-007,1.57558e-014
4.16327e-008,4.95918e-007,1.55138e-014
4.16327e-008,5.02041e-007,1.5783e-014
4.16327e-008,5.08163e-007,1.63439e-014
4.16327e-008,5.14286e-007,1.75512e-014
4.16327e-008,5.20408e-007,1.76248e-014
4.16327e-008,5.26531e-007,1.93122e-014
4.16327e-008,5.32653e-007,1.85071e-014
4.16327e-008,5.38776e-007,1.81277e-014
4.16327e-008,5.44898e-007,1.95252e-014
4.16327e-008,5.5102e-007,1.81119e-014
4.16327e-008,5.57143e-007,1.96677e-014
4.16327e-008,5.63265e-007,1.89822e-014
4.16327e-008,5.69388e-007,1.9657e-014
4.16327e-008,5.7551e-007,2.13467e-014
4.16327e-008,5.81633e-007,2.08926e-014
4.16327e-008,5.87755e-007,1.95078e-014
4.16327e-008,5.93878e-007,1.99774e-014
4.16327e-008,6e-007,2.04697e-014
4.2449e-008,3e-007,4.84481e-015
4.2449e-008,3.06122e-007,4.12014e-015
4.2449e-008,3.12245e-007,5.88469e-015
4.2449e-008,3.18367e-007,6.6248e-015
4.2449e-008,3.2449e-007,5.7861e-015
4.2449e-008,3.30612e-007,6.80068e-015
4.2449e-008,3.36735e-007,5.66623e-015
4.2449e-008,3.42857e-007,8.68065e-015
4.2449e-008,3.4898e-007,6.92831e-015
4.2449e-008,3.55102e-007,7.41549e-015
4.2449e-008,3.61224e-007,9.67642e-015
4.2449e-008,3.67347e-007,8.067e-015
4.2449e-008,3.73469e-007,9.89511e-015
4.2449e-008,3.79592e-007,9.98255e-015
4.2449e-008,3.85714e-007,9.96581e-015
4.2449e-008,3.91837e-007,1.27012e-014
4.2449e-008,3.97959e-007,1.115e-014
4.2449e-008,4.04082e-007,1.20945e-014
4.2449e-008,4.10204e-007,1.28819e-014
4.2449e-008,4.16327e-007,1.38675e-014
4.2449e-008,4.22449e-007,1.54239e-014
4.2449e-008,4.28571e-007,1.59102e-014
4.2449e-008,4.34694e-007,1.4478e-014
4.2449e-008,4.40816e-007,1.73221e-014
4.2449e-008,4.46939e-007,1.82611e-014
4.2449e-008,4.53061e-007,1.86589e-014
4.2449e-008,4.59184e-007,1.71961e-014
4.2449e-008,4.65306e-007,1.75591e-014
4.2449e-008,4.71429e-007,1.96813e-014
4.2449e-008,4.77551e-007,2.00518e-014
4.2449e-008,4.83673e-007,1.99226e-014
4.2449e-008,4.89796e-007,2.11355e-014
4.2449e-008,4.95918e-007,2.08002e-014
4.2449e-008,5.02041e-007,2.10655e-014
4.2449e-008,5.08163e-007,2.15948e-014
4.2449e-008,5.14286e-007,2.29078e-014
4.2449e-008,5.20408e-007,2.29727e-014
4.2449e-008,5.26531e-007,2.47484e-014
4.2449e-008,5.32653e-007,2.38446e-014
4.2449e-008,5.38776e-007,2.33821e-014
4.2449e-008,5.44898e-007,2.48681e-014
4.2449e-008,5.5102e-007,2.31652e-014
4.2449e-008,5.57143e-007,2.45965e-014
4.2449e-008,5.63265e-007,2.40915e-014
4.2449e-008,5.69388e-007,2.45967e-014
4.2449e-008,5.7551e-007,2.60221e-014
4.2449e-008,5.81633e-007,2.59467e-014
4.2449e-008,5.87755e-007,2.43211e-014
4.2449e-008,5.93878e-007,2.4807e-014
4.2449e-008,6e-007,2.53314e-014
4.32653e-008,3e-007,6.60995e-015
4.32653e-008,3.06122e-007,6.00862e-015
4.32653e-008,3.12245e-007,7.97065e-015
4.32653e-008,3.18367e-007,8.23472e-015
4.32653e-008,3.2449e-007,8.1405e-015
4.32653e-008,3.30612e-007,9.26966e-015
4.32653e-008,3.36735e-007,7.61433e-015
4.32653e-008,3.42857e-007,1.17159e-014
4.32653e-008,3.4898e-007,9.68257e-015
4.32653e-008,3.55102e-007,1.02673e-014
4.32653e-008,3.61224e-007,1.30893e-014
4.32653e-008,3.67347e-007,1.12014e-014
4.32653e-008,3.73469e-007,1.36325e-014
4.32653e-008,3.79592e-007,1.34948e-014
4.32653e-008,3.85714e-007,1.34244e-014
4.32653e-008,3.91837e-007,1.68231e-014
4.32653e-008,3.97959e-007,1.50242e-014
4.32653e-008,4.04082e-007,1.64111e-014
4.32653e-008,4.10204e-007,1.73047e-014
4.32653e-008,4.16327e-007,1.81383e-014
4.32653e-008,4.22449e-007,1.99489e-014
4.32653e-008,4.28571e-007,2.03931e-014
4.32653e-008,4.34694e-007,1.90704e-014
4.32653e-008,4.40816e-007,2.17075e-014
4.32653e-008,4.46939e-007,2.26818e-014
4.32653e-008,4.53061e-007,2.34247e-014
4.32653e-008,4.59184e-007,2.20882e-014
4.32653e-008,4.65306e-007,2.25405e-014
4.32653e-008,4.71429e-007,2.44376e-014
4.32653e-008,4.77551e-007,2.48017e-014
4.32653e-008,4.83673e-007,2.50174e-014
4.32653e-008,4.89796e-007,2.5984e-014
4.32653e-008,4.95918e-007,2.59214e-014
4.32653e-008,5.02041e-007,2.60804e-014
4.32653e-008,5.08163e-007,2.65831e-014
4.32653e-008,5.14286e-007,2.76299e-014
4.32653e-008,5.20408e-007,2.78067e-014
4.32653e-008,5.26531e-007,2.92836e-014
4.32653e-008,5.32653e-007,2.85429e-014
4.32653e-008,5.38776e-007,2.81527e-014
4.32653e-008,5.44898e-007,2.95206e-014
4.32653e-008,5.5102e-007,2.79331e-014
4.32653e-008,5.57143e-007,2.8857e-014
4.32653e-008,5.63265e-007,2.86712e-014
4.32653e-008,5.69388e-007,2.89363e-014
4.32653e-008,5.7551e-007,2.99065e-014
4.32653e-008,5.81633e-007,3.03773e-014
4.32653e-008,5.87755e-007,2.8821e-014
4.32653e-008,5.93878e-007,2.922e-014
4.32653e-008,6e-007,2.96691e-014
4.40816e-008,3e-007,8.30774e-015
4.40816e-008,3.06122e-007,8.27528e-015
4.40816e-008,3.12245e-007,1.00134e-014
4.40816e-008,3.18367e-007,9.63009e-015
4.40816e-008,3.2449e-007,1.05299e-014
4.40816e-008,3.30612e-007,1.14898e-014
4.40816e-008,3.36735e-007,1.02583e-014
4.40816e-008,3.42857e-007,1.44117e-014
4.40816e-008,3.4898e-007,1.26259e-014
4.40816e-008,3.55102e-007,1.31435e-014
4.40816e-008,3.61224e-007,1.60346e-014
4.40816e-008,3.67347e-007,1.45744e-014
4.40816e-008,3.73469e-007,1.70671e-014
4.40816e-008,3.79592e-007,1.68563e-014
4.40816e-008,3.85714e-007,1.68418e-014
4.40816e-008,3.91837e-007,2.00609e-014
4.40816e-008,3.97959e-007,1.87405e-014
4.40816e-008,4.04082e-007,2.03966e-014
4.40816e-008,4.10204e-007,2.13821e-014
4.40816e-008,4.16327e-007,2.19226e-014
4.40816e-008,4.22449e-007,2.35404e-014
4.40816e-008,4.28571e-007,2.41658e-014
4.40816e-008,4.34694e-007,2.31188e-014
4.40816e-008,4.40816e-007,2.52875e-014
4.40816e-008,4.46939e-007,2.64311e-014
4.40816e-008,4.53061e-007,2.70056e-014
4.40816e-008,4.59184e-007,2.63948e-014
4.40816e-008,4.65306e-007,2.68347e-014
4.40816e-008,4.71429e-007,2.81912e-014
4.40816e-008,4.77551e-007,2.86082e-014
4.40816e-008,4.83673e-007,2.90263e-014
4.40816e-008,4.89796e-007,2.96698e-014
4.40816e-008,4.95918e-007,3.00385e-014
4.40816e-008,5.02041e-007,2.99533e-014
4.40816e-008,5.08163e-007,3.04666e-014
4.40816e-008,5.14286e-007,3.1056e-014
4.40816e-008,5.20408e-007,3.15303e-014
4.40816e-008,5.26531e-007,3.25345e-014
4.40816e-008,5.32653e-007,3.21012e-014
4.40816e-008,5.38776e-007,3.17494e-014
4.40816e-008,5.44898e-007,3.29354e-014
4.40816e-008,5.5102e-007,3.17201e-014
4.40816e-008,5.57143e-007,3.22464e-014
4.40816e-008,5.63265e-007,3.21301e-014
4.40816e-008,5.69388e-007,3.2395e-014
4.40816e-008,5.7551e-007,3.30755e-014
4.40816e-008,5.81633e-007,3.37818e-014
4.40816e-008,5.87755e-007,3.2408e-014
4.40816e-008,5.93878e-007,3.26698e-014
4.40816e-008,6e-007,3.29928e-014
4.4898e-008,3e-007,9.80846e-015
4.4898e-008,3.06122e-007,1.04607e-014
4.4898e-008,3.12245e-007,1.17889e-014
4.4898e-008,3.18367e-007,1.10267e-014
4.4898e-008,3.2449e-007,1.26596e-014
4.4898e-008,3.30612e-007,1.33946e-014
4.4898e-008,3.36735e-007,1.30414e-014
4.4898e-008,3.42857e-007,1.63801e-014
4.4898e-008,3.4898e-007,1.52729e-014
4.4898e-008,3.55102e-007,1.56604e-014
4.4898e-008,3.61224e-007,1.81323e-014
4.4898e-008,3.67347e-007,1.76793e-014
4.4898e-008,3.73469e-007,1.97096e-014
4.4898e-008,3.79592e-007,1.95999e-014
4.4898e-008,3.85714e-007,1.98125e-014
4.4898e-008,3.91837e-007,2.21658e-014
4.4898e-008,3.97959e-007,2.17492e-014
4.4898e-008,4.04082e-007,2.33801e-014
4.4898e-008,4.10204e-007,2.43559e-014
4.4898e-008,4.16327e-007,2.48108e-014
4.4898e-008,4.22449e-007,2.59337e-014
4.4898e-008,4.28571e-007,2.68428e-014
4.4898e-008,4.34694e-007,2.61043e-014
4.4898e-008,4.40816e-007,2.78216e-014
4.4898e-008,4.46939e-007,2.89876e-014
4.4898e-008,4.53061e-007,2.93664e-014
4.4898e-008,4.59184e-007,2.94712e-014
4.4898e-008,4.65306e-007,2.98085e-014
4.4898e-008,4.71429e-007,3.06923e-014
4.4898e-008,4.77551e-007,3.12752e-014
4.4898e-008,4.83673e-007,3.16093e-014
4.4898e-008,4.89796e-007,3.20472e-014
4.4898e-008,4.95918e-007,3.26767e-014
4.4898e-008,5.02041e-007,3.25045e-014
4.4898e-008,5.08163e-007,3.3024e-014
4.4898e-008,5.14286e-007,3.32675e-014
4.4898e-008,5.20408e-007,3.39468e-014
4.4898e-008,5.26531e-007,3.45087e-014
4.4898e-008,5.32653e-007,3.44205e-014
4.4898e-008,5.38776e-007,3.40823e-014
4.4898e-008,5.44898e-007,3.50211e-014
4.4898e-008,5.5102e-007,3.43255e-014
4.4898e-008,5.57143e-007,3.46903e-014
4.4898e-008,5.63265e-007,3.46899e-014
4.4898e-008,5.69388e-007,3.49557e-014
4.4898e-008,5.7551e-007,3.54301e-014
4.4898e-008,5.81633e-007,3.6033e-014
4.4898e-008,5.87755e-007,3.51896e-014
4.4898e-008,5.93878e-007,3.53346e-014
4.4898e-008,6e-007,3.55609e-014
4.57143e-008,3e-007,1.09738e-014
4.57143e-008,3.06122e-007,1.20377e-014
4.57143e-008,3.12245e-007,1.30087e-014
4.57143e-008,3.18367e-007,1.24027e-014
4.57143e-008,3.2449e-007,1.42006e-014
4.57143e-008,3.30612e-007,1.48872e-014
4.57143e-008,3.36735e-007,1.51705e-014
4.57143e-008,3.42857e-007,1.74797e-014
4.57143e-008,3.4898e-007,1.7116e-014
4.57143e-008,3.55102e-007,1.74574e-014
4.57143e-008,3.61224e-007,1.93479e-014
4.57143e-008,3.67347e-007,1.98804e-014
4.57143e-008,3.73469e-007,2.12841e-014
4.57143e-008,3.79592e-007,2.13853e-014
4.57143e-008,3.85714e-007,2.18135e-014
4.57143e-008,3.91837e-007,2.3286e-014
4.57143e-008,3.97959e-007,2.36509e-014
4.57143e-008,4.04082e-007,2.5063e-014
4.57143e-008,4.10204e-007,2.58998e-014
4.57143e-008,4.16327e-007,2.65318e-014
4.57143e-008,4.22449e-007,2.72153e-014
4.57143e-008,4.28571e-007,2.81857e-014
4.57143e-008,4.34694e-007,2.78456e-014
4.57143e-008,4.40816e-007,2.91824e-014
4.57143e-008,4.46939e-007,3.01584e-014
4.57143e-008,4.53061e-007,3.06505e-014
4.57143e-008,4.59184e-007,3.10043e-014
4.57143e-008,4.65306e-007,3.12572e-014
4.57143e-008,4.71429e-007,3.19345e-014
4.57143e-008,4.77551e-007,3.26618e-014
4.57143e-008,4.83673e-007,3.29143e-014
4.57143e-008,4.89796e-007,3.3238e-014
4.57143e-008,4.95918e-007,3.3913e-014
4.57143e-008,5.02041e-007,3.39162e-014
4.57143e-008,5.08163e-007,3.43983e-014
4.57143e-008,5.14286e-007,3.45334e-014
4.57143e-008,5.20408e-007,3.51587e-014
4.57143e-008,5.26531e-007,3.55256e-014
4.57143e-008,5.32653e-007,3.56528e-014
4.57143e-008,5.38776e-007,3.54483e-014
4.57143e-008,5.44898e-007,3.6221e-014
4.57143e-008,5.5102e-007,3.59296e-014
4.57143e-008,5.57143e-007,3.62241e-014
4.57143e-008,5.63265e-007,3.64201e-014
4.57143e-008,5.69388e-007,3.66749e-014
4.57143e-008,5.7551e-007,3.70229e-014
4.57143e-008,5.81633e-007,3.74792e-014
4.57143e-008,5.87755e-007,3.70802e-014
4.57143e-008,5.93878e-007,3.74228e-014
4.57143e-008,6e-007,3.76126e-014
4.65306e-008,3e-007,1.1605e-014
4.65306e-008,3.06122e-007,1.27046e-014
4.65306e-008,3.12245e-007,1.34491e-014
4.65306e-008,3.18367e-007,1.32499e-014
4.65306e-008,3.2449e-007,1.48492e-014
4.65306e-008,3.30612e-007,1.56095e-014
4.65306e-008,3.36735e-007,1.61677e-014
4.65306e-008,3.42857e-007,1.77233e-014
4.65306e-008,3.4898e-007,1.78454e-014
4.65306e-008,3.55102e-007,1.82463e-014
4.65306e-008,3.61224e-007,1.97049e-014
4.65306e-008,3.67347e-007,2.0732e-014
4.65306e-008,3.73469e-007,2.16529e-014
4.65306e-008,3.79592e-007,2.20073e-014
4.65306e-008,3.85714e-007,2.24697e-014
4.65306e-008,3.91837e-007,2.34689e-014
4.65306e-008,3.97959e-007,2.42956e-014
4.65306e-008,4.04082e-007,2.54469e-014
4.65306e-008,4.10204e-007,2.6136e-014
4.65306e-008,4.16327e-007,2.69423e-014
4.65306e-008,4.22449e-007,2.73919e-014
4.65306e-008,4.28571e-007,2.82218e-014
4.65306e-008,4.34694e-007,2.83582e-014
4.65306e-008,4.40816e-007,2.93985e-014
4.65306e-008,4.46939e-007,3.01789e-014
4.65306e-008,4.53061e-007,3.08078e-014
4.65306e-008,4.59184e-007,3.11587e-014
4.65306e-008,4.65306e-007,3.14246e-014
4.65306e-008,4.71429e-007,3.20873e-014
4.65306e-008,4.77551e-007,3.27787e-014
4.65306e-008,4.83673e-007,3.31791e-014
4.65306e-008,4.89796e-007,3.34565e-014
4.65306e-008,4.95918e-007,3.41112e-014
4.65306e-008,5.02041e-007,3.42937e-014
4.65306e-008,5.08163e-007,3.47297e-014
4.65306e-008,5.14286e-007,3.49131e-014
4.65306e-008,5.20408e-007,3.54423e-014
4.65306e-008,5.26531e-007,3.58589e-014
4.65306e-008,5.32653e-007,3.6055e-014
4.65306e-008,5.38776e-007,3.6088e-014
4.65306e-008,5.44898e-007,3.67151e-014
4.65306e-008,5.5102e-007,3.6729e-014
4.65306e-008,5.57143e-007,3.70329e-014
4.65306e-008,5.63265e-007,3.73036e-014
4.65306e-008,5.69388e-007,3.76063e-014
4.65306e-008,5.7551e-007,3.80197e-014
4.65306e-008,5.81633e-007,3.84228e-014
4.65306e-008,5.87755e-007,3.83102e-014
4.65306e-008,5.93878e-007,3.87778e-014
4.65306e-008,6e-007,3.8992e-014
4.73469e-008,3e-007,1.15778e-014
4.73469e-008,3.06122e-007,1.25223e-014
4.73469e-008,3.12245e-007,1.31593e-014
4.73469e-008,3.18367e-007,1.32913e-014
4.73469e-008,3.2449e-007,1.46277e-014
4.73469e-008,3.30612e-007,1.54035e-014
4.73469e-008,3.36735e-007,1.60591e-014
4.73469e-008,3.42857e-007,1.72271e-014
4.73469e-008,3.4898e-007,1.75395e-014
4.73469e-008,3.55102e-007,1.80134e-014
4.73469e-008,3.61224e-007,1.92375e-014
4.73469e-008,3.67347e-007,2.03197e-014
4.73469e-008,3.73469e-007,2.10361e-014
4.73469e-008,3.79592e-007,2.15296e-014
4.73469e-008,3.85714e-007,2.1958e-014
4.73469e-008,3.91837e-007,2.28075e-014
4.73469e-008,3.97959e-007,2.38258e-014
4.73469e-008,4.04082e-007,2.47717e-014
4.73469e-008,4.10204e-007,2.53996e-014
4.73469e-008,4.16327e-007,2.62171e-014
4.73469e-008,4.22449e-007,2.65821e-014
4.73469e-008,4.28571e-007,2.73814e-014
4.73469e-008,4.34694e-007,2.77939e-014
4.73469e-008,4.40816e-007,2.86694e-014
4.73469e-008,4.46939e-007,2.93639e-014
4.73469e-008,4.53061e-007,2.99779e-014
4.73469e-008,4.59184e-007,3.0394e-014
4.73469e-008,4.65306e-007,3.07384e-014
4.73469e-008,4.71429e-007,3.14292e-014
4.73469e-008,4.77551e-007,3.20399e-014
4.73469e-008,4.83673e-007,3.26008e-014
4.73469e-008,4.89796e-007,3.29013e-014
4.73469e-008,4.95918e-007,3.35454e-014
4.73469e-008,5.02041e-007,3.37861e-014
4.73469e-008,5.08163e-007,3.42277e-014
4.73469e-008,5.14286e-007,3.45017e-014
4.73469e-008,5.20408e-007,3.50924e-014
4.73469e-008,5.26531e-007,3.5523e-014
4.73469e-008,5.32653e-007,3.585e-014
4.73469e-008,5.38776e-007,3.60557e-014
4.73469e-008,5.44898e-007,3.64946e-014
4.73469e-008,5.5102e-007,3.68074e-014
4.73469e-008,5.57143e-007,3.72343e-014
4.73469e-008,5.63265e-007,3.75378e-014
4.73469e-008,5.69388e-007,3.78408e-014
4.73469e-008,5.7551e-007,3.8349e-014
4.73469e-008,5.81633e-007,3.8748e-014
4.73469e-008,5.87755e-007,3.88955e-014
4.73469e-008,5.93878e-007,3.93303e-014
4.73469e-008,6e-007,3.96169e-014
4.81633e-008,3e-007,1.10038e-014
4.81633e-008,3.06122e-007,1.18126e-014
4.81633e-008,3.12245e-007,1.2429e-014
4.81633e-008,3.18367e-007,1.27282e-014
4.81633e-008,3.2449e-007,1.38446e-014
4.81633e-008,3.30612e-007,1.45832e-014
4.81633e-008,3.36735e-007,1.52238e-014
4.81633e-008,3.42857e-007,1.62446e-014
4.81633e-008,3.4898e-007,1.66053e-014
4.81633e-008,3.55102e-007,1.70976e-014
4.81633e-008,3.61224e-007,1.8188e-014
4.81633e-008,3.67347e-007,1.91866e-014
4.81633e-008,3.73469e-007,1.98738e-014
4.81633e-008,3.79592e-007,2.03844e-014
4.81633e-008,3.85714e-007,2.08379e-014
4.81633e-008,3.91837e-007,2.16431e-014
4.81633e-008,3.97959e-007,2.26433e-014
4.81633e-008,4.04082e-007,2.34802e-014
4.81633e-008,4.10204e-007,2.40974e-014
4.81633e-008,4.16327e-007,2.48705e-014
4.81633e-008,4.22449e-007,2.52734e-014
4.81633e-008,4.28571e-007,2.61196e-014
4.81633e-008,4.34694e-007,2.65442e-014
4.81633e-008,4.40816e-007,2.73729e-014
4.81633e-008,4.46939e-007,2.80352e-014
4.81633e-008,4.53061e-007,2.86633e-014
4.81633e-008,4.59184e-007,2.9157e-014
4.81633e-008,4.65306e-007,2.95673e-014
4.81633e-008,4.71429e-007,3.02758e-014
4.81633e-008,4.77551e-007,3.09091e-014
4.81633e-008,4.83673e-007,3.14686e-014
4.81633e-008,4.89796e-007,3.18186e-014
4.81633e-008,4.95918e-007,3.24551e-014
4.81633e-008,5.02041e-007,3.27721e-014
4.81633e-008,5.08163e-007,3.32673e-014
4.81633e-008,5.14286e-007,3.36232e-014
4.81633e-008,5.20408e-007,3.4317e-014
4.81633e-008,5.26531e-007,3.4676e-014
4.81633e-008,5.32653e-007,3.51842e-014
4.81633e-008,5.38776e-007,3.54351e-014
4.81633e-008,5.44898e-007,3.58601e-014
4.81633e-008,5.5102e-007,3.62898e-014
4.81633e-008,5.57143e-007,3.68457e-014
4.81633e-008,5.63265e-007,3.72035e-014
4.81633e-008,5.69388e-007,3.75385e-014
4.81633e-008,5.7551e-007,3.80287e-014
4.81633e-008,5.81633e-007,3.84525e-014
4.81633e-008,5.87755e-007,3.87444e-014
4.81633e-008,5.93878e-007,3.92828e-014
4.81633e-008,6e-007,3.96476e-014
4.89796e-008,3e-007,1.01921e-014
4.89796e-008,3.06122e-007,1.09364e-014
4.89796e-008,3.12245e-007,1.15615e-014
4.89796e-008,3.18367e-007,1.18838e-014
4.89796e-008,3.2449e-007,1.28619e-014
4.89796e-008,3.30612e-007,1.35821e-014
4.89796e-008,3.36735e-007,1.41375e-014
4.89796e-008,3.42857e-007,1.51222e-014
4.89796e-008,3.4898e-007,1.54927e-014
4.89796e-008,3.55102e-007,1.59658e-014
4.89796e-008,3.61224e-007,1.69815e-014
4.89796e-008,3.67347e-007,1.79005e-014
4.89796e-008,3.73469e-007,1.85634e-014
4.89796e-008,3.79592e-007,1.90979e-014
4.89796e-008,3.85714e-007,1.95643e-014
4.89796e-008,3.91837e-007,2.03605e-014
4.89796e-008,3.97959e-007,2.12524e-014
4.89796e-008,4.04082e-007,2.20589e-014
4.89796e-008,4.10204e-007,2.26617e-014
4.89796e-008,4.16327e-007,2.34464e-014
4.89796e-008,4.22449e-007,2.39085e-014
4.89796e-008,4.28571e-007,2.47191e-014
4.89796e-008,4.34694e-007,2.51385e-014
4.89796e-008,4.40816e-007,2.59671e-014
4.89796e-008,4.46939e-007,2.66121e-014
4.89796e-008,4.53061e-007,2.73149e-014
4.89796e-008,4.59184e-007,2.77767e-014
4.89796e-008,4.65306e-007,2.8215e-014
4.89796e-008,4.71429e-007,2.89495e-014
4.89796e-008,4.77551e-007,2.96216e-014
4.89796e-008,4.83673e-007,3.01766e-014
4.89796e-008,4.89796e-007,3.05654e-014
4.89796e-008,4.95918e-007,3.12051e-014
4.89796e-008,5.02041e-007,3.16392e-014
4.89796e-008,5.08163e-007,3.21822e-014
4.89796e-008,5.14286e-007,3.25969e-014
4.89796e-008,5.20408e-007,3.32868e-014
4.89796e-008,5.26531e-007,3.36781e-014
4.89796e-008,5.32653e-007,3.42205e-014
4.89796e-008,5.38776e-007,3.44904e-014
4.89796e-008,5.44898e-007,3.50099e-014
4.89796e-008,5.5102e-007,3.54417e-014
4.89796e-008,5.57143e-007,3.60427e-014
4.89796e-008,5.63265e-007,3.64304e-014
4.89796e-008,5.69388e-007,3.68947e-014
4.89796e-008,5.7551e-007,3.73807e-014
4.89796e-008,5.81633e-007,3.78471e-014
4.89796e-008,5.87755e-007,3.82386e-014
4.89796e-008,5.93878e-007,3.88126e-014
4.89796e-008,6e-007,3.92208e-014
4.97959e-008,3e-007,9.43514e-015
4.97959e-008,3.06122e-007,1.01326e-014
4.97959e-008,3.12245e-007,1.0747e-014
4.97959e-008,3.18367e-007,1.10688e-014
4.97959e-008,3.2449e-007,1.19577e-014
4.97959e-008,3.30612e-007,1.26469e-014
4.97959e-008,3.36735e-007,1.31471e-014
4.97959e-008,3.42857e-007,1.41331e-014
4.97959e-008,3.4898e-007,1.4475e-014
4.97959e-008,3.55102e-007,1.49334e-014
4.97959e-008,3.61224e-007,1.59337e-014
4.97959e-008,3.67347e-007,1.6759e-014
4.97959e-008,3.73469e-007,1.7403e-014
4.97959e-008,3.79592e-007,1.79506e-014
4.97959e-008,3.85714e-007,1.83757e-014
4.97959e-008,3.91837e-007,1.91968e-014
4.97959e-008,3.97959e-007,2.0027e-014
4.97959e-008,4.04082e-007,2.08263e-014
4.97959e-008,4.10204e-007,2.14221e-014
4.97959e-008,4.16327e-007,2.22258e-014
4.97959e-008,4.22449e-007,2.26625e-014
4.97959e-008,4.28571e-007,2.34588e-014
4.97959e-008,4.34694e-007,2.39098e-014
4.97959e-008,4.40816e-007,2.47465e-014
4.97959e-008,4.46939e-007,2.53972e-014
4.97959e-008,4.53061e-007,2.60941e-014
4.97959e-008,4.59184e-007,2.65133e-014
4.97959e-008,4.65306e-007,2.69663e-014
4.97959e-008,4.71429e-007,2.77351e-014
4.97959e-008,4.77551e-007,2.83983e-014
4.97959e-008,4.83673e-007,2.90272e-014
4.97959e-008,4.89796e-007,2.94348e-014
4.97959e-008,4.95918e-007,3.00905e-014
4.97959e-008,5.02041e-007,3.05548e-014
4.97959e-008,5.08163e-007,3.11179e-014
4.97959e-008,5.14286e-007,3.15626e-014
4.97959e-008,5.20408e-007,3.22156e-014
4.97959e-008,5.26531e-007,3.26958e-014
4.97959e-008,5.32653e-007,3.31956e-014
4.97959e-008,5.38776e-007,3.35285e-014
4.97959e-008,5.44898e-007,3.40342e-014
4.97959e-008,5.5102e-007,3.45407e-014
4.97959e-008,5.57143e-007,3.51512e-014
4.97959e-008,5.63265e-007,3.55694e-014
4.97959e-008,5.69388e-007,3.60829e-014
4.97959e-008,5.7551e-007,3.662e-014
4.97959e-008,5.81633e-007,3.71054e-014
4.97959e-008,5.87755e-007,3.74917e-014
4.97959e-008,5.93878e-007,3.80496e-014
4.97959e-008,6e-007,3.84731e-014
5.06122e-008,3e-007,8.85975e-015
5.06122e-008,3.06122e-007,9.50044e-015
5.06122e-008,3.12245e-007,1.00962e-014
5.06122e-008,3.18367e-007,1.04169e-014
5.06122e-008,3.2449e-007,1.12553e-014
5.06122e-008,3.30612e-007,1.19023e-014
5.06122e-008,3.36735e-007,1.23843e-014
5.06122e-008,3.42857e-007,1.33822e-014
5.06122e-008,3.4898e-007,1.36641e-014
5.06122e-008,3.55102e-007,1.41183e-014
5.06122e-008,3.61224e-007,1.51283e-014
5.06122e-008,3.67347e-007,1.58565e-014
5.06122e-008,3.73469e-007,1.65321e-014
5.06122e-008,3.79592e-007,1.70358e-014
5.06122e-008,3.85714e-007,1.74427e-014
5.06122e-008,3.91837e-007,1.82923e-014
5.06122e-008,3.97959e-007,1.90978e-014
5.06122e-008,4.04082e-007,1.98832e-014
5.06122e-008,4.10204e-007,2.04921e-014
5.06122e-008,4.16327e-007,2.1263e-014
5.06122e-008,4.22449e-007,2.1693e-014
5.06122e-008,4.28571e-007,2.25239e-014
5.06122e-008,4.34694e-007,2.29246e-014
5.06122e-008,4.40816e-007,2.37799e-014
5.06122e-008,4.46939e-007,2.44411e-014
5.06122e-008,4.53061e-007,2.50863e-014
5.06122e-008,4.59184e-007,2.55357e-014
5.06122e-008,4.65306e-007,2.60013e-014
5.06122e-008,4.71429e-007,2.67866e-014
5.06122e-008,4.77551e-007,2.74495e-014
5.06122e-008,4.83673e-007,2.81036e-014
5.06122e-008,4.89796e-007,2.85043e-014
5.06122e-008,4.95918e-007,2.91631e-014
5.06122e-008,5.02041e-007,2.95824e-014
5.06122e-008,5.08163e-007,3.01579e-014
5.06122e-008,5.14286e-007,3.06121e-014
5.06122e-008,5.20408e-007,3.12975e-014
5.06122e-008,5.26531e-007,3.17728e-014
5.06122e-008,5.32653e-007,3.23065e-014
5.06122e-008,5.38776e-007,3.26892e-014
5.06122e-008,5.44898e-007,3.31705e-014
5.06122e-008,5.5102e-007,3.37106e-014
5.06122e-008,5.57143e-007,3.4336e-014
5.06122e-008,5.63265e-007,3.47557e-014
5.06122e-008,5.69388e-007,3.5228e-014
5.06122e-008,5.7551e-007,3.57772e-014
5.06122e-008,5.81633e-007,3.62609e-014
5.06122e-008,5.87755e-007,3.66424e-014
5.06122e-008,5.93878e-007,3.72137e-014
5.06122e-008,6e-007,3.76484e-014
5.14286e-008,3e-007,8.46725e-015
5.14286e-008,3.06122e-007,9.06504e-015
5.14286e-008,3.12245e-007,9.67116e-015
5.14286e-008,3.18367e-007,9.968e-015
5.14286e-008,3.2449e-007,1.07785e-014
5.14286e-008,3.30612e-007,1.14198e-014
5.14286e-008,3.36735e-007,1.1859e-014
5.14286e-008,3.42857e-007,1.28811e-014
5.14286e-008,3.4898e-007,1.3114e-014
5.14286e-008,3.55102e-007,1.35599e-014
5.14286e-008,3.61224e-007,1.45734e-014
5.14286e-008,3.67347e-007,1.52444e-014
5.14286e-008,3.73469e-007,1.59509e-014
5.14286e-008,3.79592e-007,1.64309e-014
5.14286e-008,3.85714e-007,1.685e-014
5.14286e-008,3.91837e-007,1.77147e-014
5.14286e-008,3.97959e-007,1.84555e-014
5.14286e-008,4.04082e-007,1.92337e-014
5.14286e-008,4.10204e-007,1.98501e-014
5.14286e-008,4.16327e-007,2.05795e-014
5.14286e-008,4.22449e-007,2.10768e-014
5.14286e-008,4.28571e-007,2.18819e-014
5.14286e-008,4.34694e-007,2.22121e-014
5.14286e-008,4.40816e-007,2.30889e-014
5.14286e-008,4.46939e-007,2.37461e-014
5.14286e-008,4.53061e-007,2.43979e-014
5.14286e-008,4.59184e-007,2.48588e-014
5.14286e-008,4.65306e-007,2.53204e-014
5.14286e-008,4.71429e-007,2.60985e-014
5.14286e-008,4.77551e-007,2.67624e-014
5.14286e-008,4.83673e-007,2.73695e-014
5.14286e-008,4.89796e-007,2.7761e-014
5.14286e-008,4.95918e-007,2.84052e-014
5.14286e-008,5.02041e-007,2.88146e-014
5.14286e-008,5.08163e-007,2.93999e-014
5.14286e-008,5.14286e-007,2.98549e-014
5.14286e-008,5.20408e-007,3.05791e-014
5.14286e-008,5.26531e-007,3.10259e-014
5.14286e-008,5.32653e-007,3.15816e-014
5.14286e-008,5.38776e-007,3.19407e-014
5.14286e-008,5.44898e-007,3.2443e-014
5.14286e-008,5.5102e-007,3.29376e-014
5.14286e-008,5.57143e-007,3.35565e-014
5.14286e-008,5.63265e-007,3.39374e-014
5.14286e-008,5.69388e-007,3.44096e-014
5.14286e-008,5.7551e-007,3.49666e-014
5.14286e-008,5.81633e-007,3.54566e-014
5.14286e-008,5.87755e-007,3.58816e-014
5.14286e-008,5.93878e-007,3.64413e-014
5.14286e-008,6e-007,3.68803e-014
5.22449e-008,3e-007,8.24753e-015
5.22449e-008,3.06122e-007,8.83226e-015
5.22449e-008,3.12245e-007,9.47026e-015
5.22449e-008,3.18367e-007,9.75084e-015
5.22449e-008,3.2449e-007,1.05393e-014
5.22449e-008,3.30612e-007,1.11849e-014
5.22449e-008,3.36735e-007,1.15761e-014
5.22449e-008,3.42857e-007,1.26361e-014
5.22449e-008,3.4898e-007,1.28423e-014
5.22449e-008,3.55102e-007,1.3276e-014
5.22449e-008,3.61224e-007,1.43008e-014
5.22449e-008,3.67347e-007,1.49417e-014
5.22449e-008,3.73469e-007,1.56541e-014
5.22449e-008,3.79592e-007,1.61397e-014
5.22449e-008,3.85714e-007,1.65424e-014
5.22449e-008,3.91837e-007,1.74264e-014
5.22449e-008,3.97959e-007,1.80902e-014
5.22449e-008,4.04082e-007,1.88753e-014
5.22449e-008,4.10204e-007,1.94813e-014
5.22449e-008,4.16327e-007,2.02055e-014
5.22449e-008,4.22449e-007,2.07174e-014
5.22449e-008,4.28571e-007,2.14867e-014
5.22449e-008,4.34694e-007,2.18078e-014
5.22449e-008,4.40816e-007,2.26921e-014
5.22449e-008,4.46939e-007,2.33428e-014
5.22449e-008,4.53061e-007,2.40035e-014
5.22449e-008,4.59184e-007,2.44026e-014
5.22449e-008,4.65306e-007,2.48411e-014
5.22449e-008,4.71429e-007,2.56056e-014
5.22449e-008,4.77551e-007,2.62425e-014
5.22449e-008,4.83673e-007,2.68121e-014
5.22449e-008,4.89796e-007,2.72239e-014
5.22449e-008,4.95918e-007,2.78527e-014
5.22449e-008,5.02041e-007,2.8273e-014
5.22449e-008,5.08163e-007,2.88464e-014
5.22449e-008,5.14286e-007,2.92915e-014
5.22449e-008,5.20408e-007,2.99794e-014
5.22449e-008,5.26531e-007,3.0445e-014
5.22449e-008,5.32653e-007,3.09416e-014
5.22449e-008,5.38776e-007,3.12417e-014
5.22449e-008,5.44898e-007,3.17523e-014
5.22449e-008,5.5102e-007,3.22061e-014
5.22449e-008,5.57143e-007,3.28088e-014
5.22449e-008,5.63265e-007,3.32014e-014
5.22449e-008,5.69388e-007,3.36685e-014
5.22449e-008,5.7551e-007,3.42622e-014
5.22449e-008,5.81633e-007,3.4752e-014
5.22449e-008,5.87755e-007,3.50822e-014
5.22449e-008,5.93878e-007,3.56756e-014
5.22449e-008,6e-007,3.61038e-014
5.30612e-008,3e-007,8.20796e-015
5.30612e-008,3.06122e-007,8.79342e-015
5.30612e-008,3.12245e-007,9.44893e-015
5.30612e-008,3.18367e-007,9.71368e-015
5.30612e-008,3.2449e-007,1.05109e-014
5.30612e-008,3.30612e-007,1.11456e-014
5.30612e-008,3.36735e-007,1.15292e-014
5.30612e-008,3.42857e-007,1.2628e-014
5.30612e-008,3.4898e-007,1.28051e-014
5.30612e-008,3.55102e-007,1.32334e-014
5.30612e-008,3.61224e-007,1.42856e-014
5.30612e-008,3.67347e-007,1.48892e-014
5.30612e-008,3.73469e-007,1.56129e-014
5.30612e-008,3.79592e-007,1.60693e-014
5.30612e-008,3.85714e-007,1.64443e-014
5.30612e-008,3.91837e-007,1.73519e-014
5.30612e-008,3.97959e-007,1.79867e-014
5.30612e-008,4.04082e-007,1.87747e-014
5.30612e-008,4.10204e-007,1.93699e-014
5.30612e-008,4.16327e-007,2.00937e-014
5.30612e-008,4.22449e-007,2.05646e-014
5.30612e-008,4.28571e-007,2.13381e-014
5.30612e-008,4.34694e-007,2.16319e-014
5.30612e-008,4.40816e-007,2.25098e-014
5.30612e-008,4.46939e-007,2.31553e-014
5.30612e-008,4.53061e-007,2.37654e-014
5.30612e-008,4.59184e-007,2.41118e-014
5.30612e-008,4.65306e-007,2.45249e-014
5.30612e-008,4.71429e-007,2.52757e-014
5.30612e-008,4.77551e-007,2.58952e-014
5.30612e-008,4.83673e-007,2.64373e-014
5.30612e-008,4.89796e-007,2.68616e-014
5.30612e-008,4.95918e-007,2.74711e-014
5.30612e-008,5.02041e-007,2.78542e-014
5.30612e-008,5.08163e-007,2.83938e-014
5.30612e-008,5.14286e-007,2.88154e-014
5.30612e-008,5.20408e-007,2.94418e-014
5.30612e-008,5.26531e-007,2.99113e-014
5.30612e-008,5.32653e-007,3.03577e-014
5.30612e-008,5.38776e-007,3.06276e-014
5.30612e-008,5.44898e-007,3.11736e-014
5.30612e-008,5.5102e-007,3.15586e-014
5.30612e-008,5.57143e-007,3.21685e-014
5.30612e-008,5.63265e-007,3.2573e-014
5.30612e-008,5.69388e-007,3.30139e-014
5.30612e-008,5.7551e-007,3.3585e-014
5.30612e-008,5.81633e-007,3.40584e-014
5.30612e-008,5.87755e-007,3.43485e-014
5.30612e-008,5.93878e-007,3.49064e-014
5.30612e-008,6e-007,3.53242e-014
5.38776e-008,3e-007,8.32557e-015
5.38776e-008,3.06122e-007,8.91046e-015
5.38776e-008,3.12245e-007,9.56698e-015
5.38776e-008,3.18367e-007,9.82913e-015
5.38776e-008,3.2449e-007,1.06302e-014
5.38776e-008,3.30612e-007,1.12702e-014
5.38776e-008,3.36735e-007,1.16555e-014
5.38776e-008,3.42857e-007,1.27825e-014
5.38776e-008,3.4898e-007,1.29251e-014
5.38776e-008,3.55102e-007,1.3354e-014
5.38776e-008,3.61224e-007,1.44247e-014
5.38776e-008,3.67347e-007,1.49936e-014
5.38776e-008,3.73469e-007,1.57307e-014
5.38776e-008,3.79592e-007,1.61556e-014
5.38776e-008,3.85714e-007,1.65289e-014
5.38776e-008,3.91837e-007,1.74433e-014
5.38776e-008,3.97959e-007,1.80634e-014
5.38776e-008,4.04082e-007,1.88397e-014
5.38776e-008,4.10204e-007,1.9428e-014
5.38776e-008,4.16327e-007,2.01217e-014
5.38776e-008,4.22449e-007,2.05918e-014
5.38776e-008,4.28571e-007,2.1336e-014
5.38776e-008,4.34694e-007,2.15637e-014
5.38776e-008,4.40816e-007,2.24286e-014
5.38776e-008,4.46939e-007,2.30572e-014
5.38776e-008,4.53061e-007,2.36195e-014
5.38776e-008,4.59184e-007,2.39637e-014
5.38776e-008,4.65306e-007,2.43577e-014
5.38776e-008,4.71429e-007,2.50834e-014
5.38776e-008,4.77551e-007,2.56856e-014
5.38776e-008,4.83673e-007,2.61954e-014
5.38776e-008,4.89796e-007,2.65753e-014
5.38776e-008,4.95918e-007,2.71529e-014
5.38776e-008,5.02041e-007,2.74831e-014
5.38776e-008,5.08163e-007,2.79911e-014
5.38776e-008,5.14286e-007,2.83855e-014
5.38776e-008,5.20408e-007,2.89958e-014
5.38776e-008,5.26531e-007,2.94528e-014
5.38776e-008,5.32653e-007,2.98777e-014
5.38776e-008,5.38776e-007,3.01453e-014
5.38776e-008,5.44898e-007,3.06959e-014
5.38776e-008,5.5102e-007,3.10346e-014
5.38776e-008,5.57143e-007,3.164e-014
5.38776e-008,5.63265e-007,3.19801e-014
5.38776e-008,5.69388e-007,3.24444e-014
5.38776e-008,5.7551e-007,3.29585e-014
5.38776e-008,5.81633e-007,3.34268e-014
5.38776e-008,5.87755e-007,3.37494e-014
5.38776e-008,5.93878e-007,3.42671e-014
5.38776e-008,6e-007,3.4687e-014
5.46939e-008,3e-007,8.53165e-015
5.46939e-008,3.06122e-007,9.12e-015
5.46939e-008,3.12245e-007,9.78572e-015
5.46939e-008,3.18367e-007,1.00467e-014
5.46939e-008,3.2449e-007,1.0851e-014
5.46939e-008,3.30612e-007,1.15058e-014
5.46939e-008,3.36735e-007,1.18711e-014
5.46939e-008,3.42857e-007,1.30151e-014
5.46939e-008,3.4898e-007,1.31399e-014
5.46939e-008,3.55102e-007,1.3566e-014
5.46939e-008,3.61224e-007,1.46339e-014
5.46939e-008,3.67347e-007,1.51915e-014
5.46939e-008,3.73469e-007,1.59332e-014
5.46939e-008,3.79592e-007,1.63599e-014
5.46939e-008,3.85714e-007,1.67312e-014
5.46939e-008,3.91837e-007,1.76334e-014
5.46939e-008,3.97959e-007,1.8209e-014
5.46939e-008,4.04082e-007,1.89689e-014
5.46939e-008,4.10204e-007,1.95402e-014
5.46939e-008,4.16327e-007,2.0195e-014
5.46939e-008,4.22449e-007,2.06741e-014
5.46939e-008,4.28571e-007,2.13693e-014
5.46939e-008,4.34694e-007,2.15711e-014
5.46939e-008,4.40816e-007,2.24136e-014
5.46939e-008,4.46939e-007,2.3017e-014
5.46939e-008,4.53061e-007,2.35688e-014
5.46939e-008,4.59184e-007,2.39004e-014
5.46939e-008,4.65306e-007,2.42727e-014
5.46939e-008,4.71429e-007,2.49605e-014
5.46939e-008,4.77551e-007,2.55071e-014
5.46939e-008,4.83673e-007,2.59985e-014
5.46939e-008,4.89796e-007,2.63292e-014
5.46939e-008,4.95918e-007,2.68767e-014
5.46939e-008,5.02041e-007,2.71919e-014
5.46939e-008,5.08163e-007,2.76796e-014
5.46939e-008,5.14286e-007,2.80539e-014
5.46939e-008,5.20408e-007,2.86669e-014
5.46939e-008,5.26531e-007,2.91217e-014
5.46939e-008,5.32653e-007,2.9521e-014
5.46939e-008,5.38776e-007,2.9777e-014
5.46939e-008,5.44898e-007,3.02654e-014
5.46939e-008,5.5102e-007,3.06214e-014
5.46939e-008,5.57143e-007,3.11825e-014
5.46939e-008,5.63265e-007,3.15061e-014
5.46939e-008,5.69388e-007,3.19716e-014
5.46939e-008,5.7551e-007,3.25081e-014
5.46939e-008,5.81633e-007,3.29873e-014
5.46939e-008,5.87755e-007,3.32351e-014
5.46939e-008,5.93878e-007,3.3819e-014
5.46939e-008,6e-007,3.42442e-014
5.55102e-008,3e-007,8.75679e-015
5.55102e-008,3.06122e-007,9.35753e-015
5.55102e-008,3.12245e-007,1.00411e-014
5.55102e-008,3.18367e-007,1.02869e-014
5.55102e-008,3.2449e-007,1.11133e-014
5.55102e-008,3.30612e-007,1.17652e-014
5.55102e-008,3.36735e-007,1.21219e-014
5.55102e-008,3.42857e-007,1.327e-014
5.55102e-008,3.4898e-007,1.3398e-014
5.55102e-008,3.55102e-007,1.38165e-014
5.55102e-008,3.61224e-007,1.48759e-014
5.55102e-008,3.67347e-007,1.54332e-014
5.55102e-008,3.73469e-007,1.6169e-014
5.55102e-008,3.79592e-007,1.65855e-014
5.55102e-008,3.85714e-007,1.69379e-014
5.55102e-008,3.91837e-007,1.78226e-014
5.55102e-008,3.97959e-007,1.83608e-014
5.55102e-008,4.04082e-007,1.91035e-014
5.55102e-008,4.10204e-007,1.9651e-014
5.55102e-008,4.16327e-007,2.02846e-014
5.55102e-008,4.22449e-007,2.07443e-014
5.55102e-008,4.28571e-007,2.14251e-014
5.55102e-008,4.34694e-007,2.16281e-014
5.55102e-008,4.40816e-007,2.24369e-014
5.55102e-008,4.46939e-007,2.30189e-014
5.55102e-008,4.53061e-007,2.35501e-014
5.55102e-008,4.59184e-007,2.38378e-014
5.55102e-008,4.65306e-007,2.41844e-014
5.55102e-008,4.71429e-007,2.48374e-014
5.55102e-008,4.77551e-007,2.53439e-014
5.55102e-008,4.83673e-007,2.58047e-014
5.55102e-008,4.89796e-007,2.61495e-014
5.55102e-008,4.95918e-007,2.66806e-014
5.55102e-008,5.02041e-007,2.69944e-014
5.55102e-008,5.08163e-007,2.74615e-014
5.55102e-008,5.14286e-007,2.78204e-014
5.55102e-008,5.20408e-007,2.84105e-014
5.55102e-008,5.26531e-007,2.88419e-014
5.55102e-008,5.32653e-007,2.92376e-014
5.55102e-008,5.38776e-007,2.94703e-014
5.55102e-008,5.44898e-007,2.9963e-014
5.55102e-008,5.5102e-007,3.02865e-014
5.55102e-008,5.57143e-007,3.08274e-014
5.55102e-008,5.63265e-007,3.12075e-014
5.55102e-008,5.69388e-007,3.16185e-014
5.55102e-008,5.7551e-007,3.22086e-014
5.55102e-008,5.81633e-007,3.26929e-014
5.55102e-008,5.87755e-007,3.29303e-014
5.55102e-008,5.93878e-007,3.35003e-014
5.55102e-008,6e-007,3.39297e-014
5.63265e-008,3e-007,8.96562e-015
5.63265e-008,3.06122e-007,9.57772e-015
5.63265e-008,3.12245e-007,1.02661e-014
5.63265e-008,3.18367e-007,1.05201e-014
5.63265e-008,3.2449e-007,1.13441e-014
5.63265e-008,3.30612e-007,1.1991e-014
5.63265e-008,3.36735e-007,1.23656e-014
5.63265e-008,3.42857e-007,1.34993e-014
5.63265e-008,3.4898e-007,1.36356e-014
5.63265e-008,3.55102e-007,1.40481e-014
5.63265e-008,3.61224e-007,1.50954e-014
5.63265e-008,3.67347e-007,1.56476e-014
5.63265e-008,3.73469e-007,1.63558e-014
5.63265e-008,3.79592e-007,1.67498e-014
5.63265e-008,3.85714e-007,1.70914e-014
5.63265e-008,3.91837e-007,1.7954e-014
5.63265e-008,3.97959e-007,1.84933e-014
5.63265e-008,4.04082e-007,1.92119e-014
5.63265e-008,4.10204e-007,1.97426e-014
5.63265e-008,4.16327e-007,2.0363e-014
5.63265e-008,4.22449e-007,2.08031e-014
5.63265e-008,4.28571e-007,2.14651e-014
5.63265e-008,4.34694e-007,2.16459e-014
5.63265e-008,4.40816e-007,2.24192e-014
5.63265e-008,4.46939e-007,2.29813e-014
5.63265e-008,4.53061e-007,2.34754e-014
5.63265e-008,4.59184e-007,2.37403e-014
5.63265e-008,4.65306e-007,2.4069e-014
5.63265e-008,4.71429e-007,2.47005e-014
5.63265e-008,4.77551e-007,2.52176e-014
5.63265e-008,4.83673e-007,2.56291e-014
5.63265e-008,4.89796e-007,2.60003e-014
5.63265e-008,4.95918e-007,2.65187e-014
5.63265e-008,5.02041e-007,2.6817e-014
5.63265e-008,5.08163e-007,2.72617e-014
5.63265e-008,5.14286e-007,2.7607e-014
5.63265e-008,5.20408e-007,2.81697e-014
5.63265e-008,5.26531e-007,2.85865e-014
5.63265e-008,5.32653e-007,2.89832e-014
5.63265e-008,5.38776e-007,2.92068e-014
5.63265e-008,5.44898e-007,2.97501e-014
5.63265e-008,5.5102e-007,3.00228e-014
5.63265e-008,5.57143e-007,3.06075e-014
5.63265e-008,5.63265e-007,3.09735e-014
5.63265e-008,5.69388e-007,3.13893e-014
5.63265e-008,5.7551e-007,3.19707e-014
5.63265e-008,5.81633e-007,3.24609e-014
5.63265e-008,5.87755e-007,3.27404e-014
5.63265e-008,5.93878e-007,3.32885e-014
5.63265e-008,6e-007,3.37304e-014
5.71429e-008,3e-007,9.1424e-015
5.71429e-008,3.06122e-007,9.75668e-015
5.71429e-008,3.12245e-007,1.04331e-014
5.71429e-008,3.18367e-007,1.06989e-014
5.71429e-008,3.2449e-007,1.15186e-014
5.71429e-008,3.30612e-007,1.21673e-014
5.71429e-008,3.36735e-007,1.25508e-014
5.71429e-008,3.42857e-007,1.36563e-014
5.71429e-008,3.4898e-007,1.37992e-014
5.71429e-008,3.55102e-007,1.42094e-014
5.71429e-008,3.61224e-007,1.52292e-014
5.71429e-008,3.67347e-007,1.57774e-014
5.71429e-008,3.73469e-007,1.64572e-014
5.71429e-008,3.79592e-007,1.68527e-014
5.71429e-008,3.85714e-007,1.71952e-014
5.71429e-008,3.91837e-007,1.80266e-014
5.71429e-008,3.97959e-007,1.85686e-014
5.71429e-008,4.04082e-007,1.92597e-014
5.71429e-008,4.10204e-007,1.97766e-014
5.71429e-008,4.16327e-007,2.03767e-014
5.71429e-008,4.22449e-007,2.07911e-014
5.71429e-008,4.28571e-007,2.14195e-014
5.71429e-008,4.34694e-007,2.15852e-014
5.71429e-008,4.40816e-007,2.23292e-014
5.71429e-008,4.46939e-007,2.28696e-014
5.71429e-008,4.53061e-007,2.33473e-014
5.71429e-008,4.59184e-007,2.36224e-014
5.71429e-008,4.65306e-007,2.39459e-014
5.71429e-008,4.71429e-007,2.4562e-014
5.71429e-008,4.77551e-007,2.50661e-014
5.71429e-008,4.83673e-007,2.54737e-014
5.71429e-008,4.89796e-007,2.58128e-014
5.71429e-008,4.95918e-007,2.63177e-014
5.71429e-008,5.02041e-007,2.6607e-014
5.71429e-008,5.08163e-007,2.70414e-014
5.71429e-008,5.14286e-007,2.73792e-014
5.71429e-008,5.20408e-007,2.79419e-014
5.71429e-008,5.26531e-007,2.83927e-014
5.71429e-008,5.32653e-007,2.87641e-014
5.71429e-008,5.38776e-007,2.89985e-014
5.71429e-008,5.44898e-007,2.95308e-014
5.71429e-008,5.5102e-007,2.98306e-014
5.71429e-008,5.57143e-007,3.04489e-014
5.71429e-008,5.63265e-007,3.07774e-014
5.71429e-008,5.69388e-007,3.12446e-014
5.71429e-008,5.7551e-007,3.18085e-014
5.71429e-008,5.81633e-007,3.23181e-014
5.71429e-008,5.87755e-007,3.25884e-014
5.71429e-008,5.93878e-007,3.31887e-014
5.71429e-008,6e-007,3.36502e-014
5.79592e-008,3e-007,9.27057e-015
5.79592e-008,3.06122e-007,9.88478e-015
5.79592e-008,3.12245e-007,1.05492e-014
5.79592e-008,3.18367e-007,1.08157e-014
5.79592e-008,3.2449e-007,1.16383e-014
5.79592e-008,3.30612e-007,1.22807e-014
5.79592e-008,3.36735e-007,1.2656e-014
5.79592e-008,3.42857e-007,1.37326e-014
5.79592e-008,3.4898e-007,1.3885e-014
5.79592e-008,3.55102e-007,1.42917e-014
5.79592e-008,3.61224e-007,1.52777e-014
5.79592e-008,3.67347e-007,1.5826e-014
5.79592e-008,3.73469e-007,1.65e-014
5.79592e-008,3.79592e-007,1.68997e-014
5.79592e-008,3.85714e-007,1.72363e-014
5.79592e-008,3.91837e-007,1.80366e-014
5.79592e-008,3.97959e-007,1.85577e-014
5.79592e-008,4.04082e-007,1.92266e-014
5.79592e-008,4.10204e-007,1.97239e-014
5.79592e-008,4.16327e-007,2.03023e-014
5.79592e-008,4.22449e-007,2.06981e-014
5.79592e-008,4.28571e-007,2.13139e-014
5.79592e-008,4.34694e-007,2.14892e-014
5.79592e-008,4.40816e-007,2.22074e-014
5.79592e-008,4.46939e-007,2.27308e-014
5.79592e-008,4.53061e-007,2.32077e-014
5.79592e-008,4.59184e-007,2.34841e-014
5.79592e-008,4.65306e-007,2.38044e-014
5.79592e-008,4.71429e-007,2.44032e-014
5.79592e-008,4.77551e-007,2.48567e-014
5.79592e-008,4.83673e-007,2.52973e-014
5.79592e-008,4.89796e-007,2.55965e-014
5.79592e-008,4.95918e-007,2.60964e-014
5.79592e-008,5.02041e-007,2.63933e-014
5.79592e-008,5.08163e-007,2.68295e-014
5.79592e-008,5.14286e-007,2.7168e-014
5.79592e-008,5.20408e-007,2.7743e-014
5.79592e-008,5.26531e-007,2.8202e-014
5.79592e-008,5.32653e-007,2.85823e-014
5.79592e-008,5.38776e-007,2.88314e-014
5.79592e-008,5.44898e-007,2.93465e-014
5.79592e-008,5.5102e-007,2.96758e-014
5.79592e-008,5.57143e-007,3.02661e-014
5.79592e-008,5.63265e-007,3.06437e-014
5.79592e-008,5.69388e-007,3.11184e-014
5.79592e-008,5.7551e-007,3.17019e-014
5.79592e-008,5.81633e-007,3.22278e-014
5.79592e-008,5.87755e-007,3.2512e-014
5.79592e-008,5.93878e-007,3.31211e-014
5.79592e-008,6e-007,3.35968e-014
5.87755e-008,3e-007,9.34426e-015
5.87755e-008,3.06122e-007,9.96334e-015
5.87755e-008,3.12245e-007,1.06221e-014
5.87755e-008,3.18367e-007,1.0895e-014
5.87755e-008,3.2449e-007,1.17002e-014
5.87755e-008,3.30612e-007,1.23323e-014
5.87755e-008,3.36735e-007,1.27084e-014
5.87755e-008,3.42857e-007,1.37614e-014
5.87755e-008,3.4898e-007,1.39243e-014
5.87755e-008,3.55102e-007,1.43242e-014
5.87755e-008,3.61224e-007,1.52885e-014
5.87755e-008,3.67347e-007,1.58313e-014
5.87755e-008,3.73469e-007,1.64898e-014
5.87755e-008,3.79592e-007,1.68763e-014
5.87755e-008,3.85714e-007,1.72032e-014
5.87755e-008,3.91837e-007,1.79817e-014
5.87755e-008,3.97959e-007,1.8485e-014
5.87755e-008,4.04082e-007,1.91341e-014
5.87755e-008,4.10204e-007,1.96152e-014
5.87755e-008,4.16327e-007,2.01781e-014
5.87755e-008,4.22449e-007,2.05862e-014
5.87755e-008,4.28571e-007,2.11946e-014
5.87755e-008,4.34694e-007,2.13693e-014
5.87755e-008,4.40816e-007,2.20627e-014
5.87755e-008,4.46939e-007,2.25744e-014
5.87755e-008,4.53061e-007,2.30408e-014
5.87755e-008,4.59184e-007,2.33013e-014
5.87755e-008,4.65306e-007,2.36132e-014
5.87755e-008,4.71429e-007,2.41972e-014
5.87755e-008,4.77551e-007,2.46441e-014
5.87755e-008,4.83673e-007,2.507e-014
5.87755e-008,4.89796e-007,2.53903e-014
5.87755e-008,4.95918e-007,2.58912e-014
5.87755e-008,5.02041e-007,2.61953e-014
5.87755e-008,5.08163e-007,2.66302e-014
5.87755e-008,5.14286e-007,2.69703e-014
5.87755e-008,5.20408e-007,2.75477e-014
5.87755e-008,5.26531e-007,2.79652e-014
5.87755e-008,5.32653e-007,2.8395e-014
5.87755e-008,5.38776e-007,2.86543e-014
5.87755e-008,5.44898e-007,2.9171e-014
5.87755e-008,5.5102e-007,2.9503e-014
5.87755e-008,5.57143e-007,3.00751e-014
5.87755e-008,5.63265e-007,3.04871e-014
5.87755e-008,5.69388e-007,3.0963e-014
5.87755e-008,5.7551e-007,3.15578e-014
5.87755e-008,5.81633e-007,3.20898e-014
5.87755e-008,5.87755e-007,3.23895e-014
5.87755e-008,5.93878e-007,3.30073e-014
5.87755e-008,6e-007,3.34929e-014
5.95918e-008,3e-007,9.38376e-015
5.95918e-008,3.06122e-007,1.00055e-014
5.95918e-008,3.12245e-007,1.06589e-014
5.95918e-008,3.18367e-007,1.09338e-014
5.95918e-008,3.2449e-007,1.17287e-014
5.95918e-008,3.30612e-007,1.23542e-014
5.95918e-008,3.36735e-007,1.27389e-014
5.95918e-008,3.42857e-007,1.377e-014
5.95918e-008,3.4898e-007,1.39384e-014
5.95918e-008,3.55102e-007,1.43315e-014
5.95918e-008,3.61224e-007,1.52793e-014
5.95918e-008,3.67347e-007,1.58104e-014
5.95918e-008,3.73469e-007,1.64333e-014
5.95918e-008,3.79592e-007,1.68134e-014
5.95918e-008,3.85714e-007,1.71348e-014
5.95918e-008,3.91837e-007,1.78953e-014
5.95918e-008,3.97959e-007,1.8397e-014
5.95918e-008,4.04082e-007,1.9023e-014
5.95918e-008,4.10204e-007,1.94987e-014
5.95918e-008,4.16327e-007,2.00491e-014
5.95918e-008,4.22449e-007,2.04486e-014
5.95918e-008,4.28571e-007,2.10381e-014
5.95918e-008,4.34694e-007,2.12003e-014
5.95918e-008,4.40816e-007,2.1874e-014
5.95918e-008,4.46939e-007,2.23731e-014
5.95918e-008,4.53061e-007,2.28251e-014
5.95918e-008,4.59184e-007,2.30788e-014
5.95918e-008,4.65306e-007,2.33834e-014
5.95918e-008,4.71429e-007,2.39607e-014
5.95918e-008,4.77551e-007,2.44344e-014
5.95918e-008,4.83673e-007,2.48169e-014
5.95918e-008,4.89796e-007,2.51712e-014
5.95918e-008,4.95918e-007,2.56679e-014
5.95918e-008,5.02041e-007,2.59745e-014
5.95918e-008,5.08163e-007,2.6402e-014
5.95918e-008,5.14286e-007,2.67402e-014
5.95918e-008,5.20408e-007,2.73164e-014
5.95918e-008,5.26531e-007,2.7738e-014
5.95918e-008,5.32653e-007,2.81666e-014
5.95918e-008,5.38776e-007,2.84339e-014
5.95918e-008,5.44898e-007,2.89447e-014
5.95918e-008,5.5102e-007,2.92908e-014
5.95918e-008,5.57143e-007,2.99082e-014
5.95918e-008,5.63265e-007,3.02871e-014
5.95918e-008,5.69388e-007,3.07775e-014
5.95918e-008,5.7551e-007,3.1382e-014
5.95918e-008,5.81633e-007,3.19267e-014
5.95918e-008,5.87755e-007,3.22526e-014
5.95918e-008,5.93878e-007,3.28767e-014
5.95918e-008,6e-007,3.3377e-014
6.04082e-008,3e-007,9.41906e-015
6.04082e-008,3.06122e-007,1.00326e-014
6.04082e-008,3.12245e-007,1.0681e-014
6.04082e-008,3.18367e-007,1.09639e-014
6.04082e-008,3.2449e-007,1.17518e-014
6.04082e-008,3.30612e-007,1.23708e-014
6.04082e-008,3.36735e-007,1.27509e-014
6.04082e-008,3.42857e-007,1.37613e-014
6.04082e-008,3.4898e-007,1.39302e-014
6.04082e-008,3.55102e-007,1.43189e-014
6.04082e-008,3.61224e-007,1.52413e-014
6.04082e-008,3.67347e-007,1.57624e-014
6.04082e-008,3.73469e-007,1.63731e-014
6.04082e-008,3.79592e-007,1.67541e-014
6.04082e-008,3.85714e-007,1.70704e-014
6.04082e-008,3.91837e-007,1.7811e-014
6.04082e-008,3.97959e-007,1.83034e-014
6.04082e-008,4.04082e-007,1.89098e-014
6.04082e-008,4.10204e-007,1.9377e-014
6.04082e-008,4.16327e-007,1.99156e-014
6.04082e-008,4.22449e-007,2.02772e-014
6.04082e-008,4.28571e-007,2.08528e-014
6.04082e-008,4.34694e-007,2.10099e-014
6.04082e-008,4.40816e-007,2.16692e-014
6.04082e-008,4.46939e-007,2.21563e-014
6.04082e-008,4.53061e-007,2.26001e-014
6.04082e-008,4.59184e-007,2.28562e-014
6.04082e-008,4.65306e-007,2.31597e-014
6.04082e-008,4.71429e-007,2.37333e-014
6.04082e-008,4.77551e-007,2.41881e-014
6.04082e-008,4.83673e-007,2.45787e-014
6.04082e-008,4.89796e-007,2.49149e-014
6.04082e-008,4.95918e-007,2.54057e-014
6.04082e-008,5.02041e-007,2.5715e-014
6.04082e-008,5.08163e-007,2.61404e-014
6.04082e-008,5.14286e-007,2.64782e-014
6.04082e-008,5.20408e-007,2.70573e-014
6.04082e-008,5.26531e-007,2.7525e-014
6.04082e-008,5.32653e-007,2.79191e-014
6.04082e-008,5.38776e-007,2.81911e-014
6.04082e-008,5.44898e-007,2.8731e-014
6.04082e-008,5.5102e-007,2.90659e-014
6.04082e-008,5.57143e-007,2.97273e-014
6.04082e-008,5.63265e-007,3.0112e-014
6.04082e-008,5.69388e-007,3.05896e-014
6.04082e-008,5.7551e-007,3.12311e-014
6.04082e-008,5.81633e-007,3.17933e-014
6.04082e-008,5.87755e-007,3.21322e-014
6.04082e-008,5.93878e-007,3.27641e-014
6.04082e-008,6e-007,3.328e-014
6.12245e-008,3e-007,9.46196e-015
6.12245e-008,3.06122e-007,1.00637e-014
6.12245e-008,3.12245e-007,1.07107e-014
6.12245e-008,3.18367e-007,1.09957e-014
6.12245e-008,3.2449e-007,1.17693e-014
6.12245e-008,3.30612e-007,1.23818e-014
6.12245e-008,3.36735e-007,1.27493e-014
6.12245e-008,3.42857e-007,1.37448e-014
6.12245e-008,3.4898e-007,1.3911e-014
6.12245e-008,3.55102e-007,1.42949e-014
6.12245e-008,3.61224e-007,1.51941e-014
6.12245e-008,3.67347e-007,1.57031e-014
6.12245e-008,3.73469e-007,1.63193e-014
6.12245e-008,3.79592e-007,1.66902e-014
6.12245e-008,3.85714e-007,1.70001e-014
6.12245e-008,3.91837e-007,1.77235e-014
6.12245e-008,3.97959e-007,1.81912e-014
6.12245e-008,4.04082e-007,1.87863e-014
6.12245e-008,4.10204e-007,1.9234e-014
6.12245e-008,4.16327e-007,1.97603e-014
6.12245e-008,4.22449e-007,2.01226e-014
6.12245e-008,4.28571e-007,2.0688e-014
6.12245e-008,4.34694e-007,2.08396e-014
6.12245e-008,4.40816e-007,2.14843e-014
6.12245e-008,4.46939e-007,2.19632e-014
6.12245e-008,4.53061e-007,2.23998e-014
6.12245e-008,4.59184e-007,2.265e-014
6.12245e-008,4.65306e-007,2.29522e-014
6.12245e-008,4.71429e-007,2.35177e-014
6.12245e-008,4.77551e-007,2.39344e-014
6.12245e-008,4.83673e-007,2.43542e-014
6.12245e-008,4.89796e-007,2.46601e-014
6.12245e-008,4.95918e-007,2.51517e-014
6.12245e-008,5.02041e-007,2.54599e-014
6.12245e-008,5.08163e-007,2.58897e-014
6.12245e-008,5.14286e-007,2.62309e-014
6.12245e-008,5.20408e-007,2.68118e-014
6.12245e-008,5.26531e-007,2.7276e-014
6.12245e-008,5.32653e-007,2.76923e-014
6.12245e-008,5.38776e-007,2.79649e-014
6.12245e-008,5.44898e-007,2.85284e-014
6.12245e-008,5.5102e-007,2.88584e-014
6.12245e-008,5.57143e-007,2.95051e-014
6.12245e-008,5.63265e-007,2.99296e-014
6.12245e-008,5.69388e-007,3.04162e-014
6.12245e-008,5.7551e-007,3.10696e-014
6.12245e-008,5.81633e-007,3.16396e-014
6.12245e-008,5.87755e-007,3.19553e-014
6.12245e-008,5.93878e-007,3.26303e-014
6.12245e-008,6e-007,3.31549e-014
6.20408e-008,3e-007,9.50707e-015
6.20408e-008,3.06122e-007,1.01069e-014
6.20408e-008,3.12245e-007,1.07511e-014
6.20408e-008,3.18367e-007,1.10252e-014
6.20408e-008,3.2449e-007,1.17899e-014
6.20408e-008,3.30612e-007,1.23938e-014
6.20408e-008,3.36735e-007,1.27573e-014
6.20408e-008,3.42857e-007,1.37425e-014
6.20408e-008,3.4898e-007,1.39029e-014
6.20408e-008,3.55102e-007,1.42792e-014
6.20408e-008,3.61224e-007,1.51688e-014
6.20408e-008,3.67347e-007,1.56586e-014
6.20408e-008,3.73469e-007,1.62567e-014
6.20408e-008,3.79592e-007,1.66142e-014
6.20408e-008,3.85714e-007,1.69158e-014
6.20408e-008,3.91837e-007,1.76273e-014
6.20408e-008,3.97959e-007,1.80724e-014
6.20408e-008,4.04082e-007,1.86539e-014
6.20408e-008,4.10204e-007,1.90869e-014
6.20408e-008,4.16327e-007,1.95964e-014
6.20408e-008,4.22449e-007,1.99772e-014
6.20408e-008,4.28571e-007,2.05293e-014
6.20408e-008,4.34694e-007,2.06695e-014
6.20408e-008,4.40816e-007,2.12984e-014
6.20408e-008,4.46939e-007,2.1769e-014
6.20408e-008,4.53061e-007,2.2198e-014
6.20408e-008,4.59184e-007,2.24377e-014
6.20408e-008,4.65306e-007,2.27322e-014
6.20408e-008,4.71429e-007,2.32872e-014
6.20408e-008,4.77551e-007,2.37099e-014
6.20408e-008,4.83673e-007,2.41138e-014
6.20408e-008,4.89796e-007,2.44318e-014
6.20408e-008,4.95918e-007,2.49247e-014
6.20408e-008,5.02041e-007,2.52325e-014
6.20408e-008,5.08163e-007,2.56618e-014
6.20408e-008,5.14286e-007,2.60046e-014
6.20408e-008,5.20408e-007,2.65895e-014
6.20408e-008,5.26531e-007,2.70268e-014
6.20408e-008,5.32653e-007,2.74819e-014
6.20408e-008,5.38776e-007,2.77598e-014
6.20408e-008,5.44898e-007,2.82912e-014
6.20408e-008,5.5102e-007,2.86618e-014
6.20408e-008,5.57143e-007,2.92888e-014
6.20408e-008,5.63265e-007,2.97112e-014
6.20408e-008,5.69388e-007,3.02476e-014
6.20408e-008,5.7551e-007,3.0873e-014
6.20408e-008,5.81633e-007,3.14507e-014
6.20408e-008,5.87755e-007,3.18059e-014
6.20408e-008,5.93878e-007,3.2464e-014
6.20408e-008,6e-007,3.29967e-014
6.28571e-008,3e-007,9.55492e-015
6.28571e-008,3.06122e-007,1.01604e-014
6.28571e-008,3.12245e-007,1.07963e-014
6.28571e-008,3.18367e-007,1.10745e-014
6.28571e-008,3.2449e-007,1.18291e-014
6.28571e-008,3.30612e-007,1.24232e-014
6.28571e-008,3.36735e-007,1.27849e-014
6.28571e-008,3.42857e-007,1.37582e-014
6.28571e-008,3.4898e-007,1.39125e-014
6.28571e-008,3.55102e-007,1.42799e-014
6.28571e-008,3.61224e-007,1.51584e-014
6.28571e-008,3.67347e-007,1.56305e-014
6.28571e-008,3.73469e-007,1.62047e-014
6.28571e-008,3.79592e-007,1.65538e-014
6.28571e-008,3.85714e-007,1.68436e-014
6.28571e-008,3.91837e-007,1.7542e-014
6.28571e-008,3.97959e-007,1.7972e-014
6.28571e-008,4.04082e-007,1.85308e-014
6.28571e-008,4.10204e-007,1.89621e-014
6.28571e-008,4.16327e-007,1.94515e-014
6.28571e-008,4.22449e-007,1.98126e-014
6.28571e-008,4.28571e-007,2.03504e-014
6.28571e-008,4.34694e-007,2.04784e-014
6.28571e-008,4.40816e-007,2.10948e-014
6.28571e-008,4.46939e-007,2.15556e-014
6.28571e-008,4.53061e-007,2.19751e-014
6.28571e-008,4.59184e-007,2.22086e-014
6.28571e-008,4.65306e-007,2.24939e-014
6.28571e-008,4.71429e-007,2.30432e-014
6.28571e-008,4.77551e-007,2.34796e-014
6.28571e-008,4.83673e-007,2.38548e-014
6.28571e-008,4.89796e-007,2.41965e-014
6.28571e-008,4.95918e-007,2.46853e-014
6.28571e-008,5.02041e-007,2.50013e-014
6.28571e-008,5.08163e-007,2.5424e-014
6.28571e-008,5.14286e-007,2.57645e-014
6.28571e-008,5.20408e-007,2.63612e-014
6.28571e-008,5.26531e-007,2.68158e-014
6.28571e-008,5.32653e-007,2.72572e-014
6.28571e-008,5.38776e-007,2.75491e-014
6.28571e-008,5.44898e-007,2.80787e-014
6.28571e-008,5.5102e-007,2.84539e-014
6.28571e-008,5.57143e-007,2.91108e-014
6.28571e-008,5.63265e-007,2.95246e-014
6.28571e-008,5.69388e-007,3.00683e-014
6.28571e-008,5.7551e-007,3.07029e-014
6.28571e-008,5.81633e-007,3.12976e-014
6.28571e-008,5.87755e-007,3.1667e-014
6.28571e-008,5.93878e-007,3.23214e-014
6.28571e-008,6e-007,3.28676e-014
6.36735e-008,3e-007,9.61775e-015
6.36735e-008,3.06122e-007,1.02212e-014
6.36735e-008,3.12245e-007,1.08513e-014
6.36735e-008,3.18367e-007,1.11298e-014
6.36735e-008,3.2449e-007,1.18768e-014
6.36735e-008,3.30612e-007,1.24663e-014
6.36735e-008,3.36735e-007,1.28179e-014
6.36735e-008,3.42857e-007,1.37774e-014
6.36735e-008,3.4898e-007,1.39268e-014
6.36735e-008,3.55102e-007,1.42864e-014
6.36735e-008,3.61224e-007,1.51401e-014
6.36735e-008,3.67347e-007,1.56006e-014
6.36735e-008,3.73469e-007,1.6171e-014
6.36735e-008,3.79592e-007,1.651e-014
6.36735e-008,3.85714e-007,1.67912e-014
6.36735e-008,3.91837e-007,1.74731e-014
6.36735e-008,3.97959e-007,1.78842e-014
6.36735e-008,4.04082e-007,1.84239e-014
6.36735e-008,4.10204e-007,1.88476e-014
6.36735e-008,4.16327e-007,1.93237e-014
6.36735e-008,4.22449e-007,1.96637e-014
6.36735e-008,4.28571e-007,2.01852e-014
6.36735e-008,4.34694e-007,2.02976e-014
6.36735e-008,4.40816e-007,2.09038e-014
6.36735e-008,4.46939e-007,2.13574e-014
6.36735e-008,4.53061e-007,2.17625e-014
6.36735e-008,4.59184e-007,2.19873e-014
6.36735e-008,4.65306e-007,2.22691e-014
6.36735e-008,4.71429e-007,2.28167e-014
6.36735e-008,4.77551e-007,2.32324e-014
6.36735e-008,4.83673e-007,2.36094e-014
6.36735e-008,4.89796e-007,2.3945e-014
6.36735e-008,4.95918e-007,2.44325e-014
6.36735e-008,5.02041e-007,2.4752e-014
6.36735e-008,5.08163e-007,2.51731e-014
6.36735e-008,5.14286e-007,2.55132e-014
6.36735e-008,5.20408e-007,2.61182e-014
6.36735e-008,5.26531e-007,2.65985e-014
6.36735e-008,5.32653e-007,2.70236e-014
6.36735e-008,5.38776e-007,2.73241e-014
6.36735e-008,5.44898e-007,2.78952e-014
6.36735e-008,5.5102e-007,2.82387e-014
6.36735e-008,5.57143e-007,2.89361e-014
6.36735e-008,5.63265e-007,2.93664e-014
6.36735e-008,5.69388e-007,2.98847e-014
6.36735e-008,5.7551e-007,3.05694e-014
6.36735e-008,5.81633e-007,3.11776e-014
6.36735e-008,5.87755e-007,3.15069e-014
6.36735e-008,5.93878e-007,3.22161e-014
6.36735e-008,6e-007,3.27745e-014
6.44898e-008,3e-007,9.70106e-015
6.44898e-008,3.06122e-007,1.02909e-014
6.44898e-008,3.12245e-007,1.09236e-014
6.44898e-008,3.18367e-007,1.11929e-014
6.44898e-008,3.2449e-007,1.19286e-014
6.44898e-008,3.30612e-007,1.25108e-014
6.44898e-008,3.36735e-007,1.28501e-014
6.44898e-008,3.42857e-007,1.37975e-014
6.44898e-008,3.4898e-007,1.39389e-014
6.44898e-008,3.55102e-007,1.4291e-014
6.44898e-008,3.61224e-007,1.51223e-014
6.44898e-008,3.67347e-007,1.5566e-014
6.44898e-008,3.73469e-007,1.61309e-014
6.44898e-008,3.79592e-007,1.6456e-014
6.44898e-008,3.85714e-007,1.67326e-014
6.44898e-008,3.91837e-007,1.73998e-014
6.44898e-008,3.97959e-007,1.7786e-014
6.44898e-008,4.04082e-007,1.83181e-014
6.44898e-008,4.10204e-007,1.87186e-014
6.44898e-008,4.16327e-007,1.91875e-014
6.44898e-008,4.22449e-007,1.95305e-014
6.44898e-008,4.28571e-007,2.00404e-014
6.44898e-008,4.34694e-007,2.01393e-014
6.44898e-008,4.40816e-007,2.07335e-014
6.44898e-008,4.46939e-007,2.11819e-014
6.44898e-008,4.53061e-007,2.15777e-014
6.44898e-008,4.59184e-007,2.17909e-014
6.44898e-008,4.65306e-007,2.20713e-014
6.44898e-008,4.71429e-007,2.26151e-014
6.44898e-008,4.77551e-007,2.3012e-014
6.44898e-008,4.83673e-007,2.33958e-014
6.44898e-008,4.89796e-007,2.37177e-014
6.44898e-008,4.95918e-007,2.4211e-014
6.44898e-008,5.02041e-007,2.45211e-014
6.44898e-008,5.08163e-007,2.49473e-014
6.44898e-008,5.14286e-007,2.52913e-014
6.44898e-008,5.20408e-007,2.58932e-014
6.44898e-008,5.26531e-007,2.63751e-014
6.44898e-008,5.32653e-007,2.68198e-014
6.44898e-008,5.38776e-007,2.71129e-014
6.44898e-008,5.44898e-007,2.76954e-014
6.44898e-008,5.5102e-007,2.80479e-014
6.44898e-008,5.57143e-007,2.87498e-014
6.44898e-008,5.63265e-007,2.91911e-014
6.44898e-008,5.69388e-007,2.97234e-014
6.44898e-008,5.7551e-007,3.04248e-014
6.44898e-008,5.81633e-007,3.10398e-014
6.44898e-008,5.87755e-007,3.14058e-014
6.44898e-008,5.93878e-007,3.21072e-014
6.44898e-008,6e-007,3.2672e-014
6.53061e-008,3e-007,9.79439e-015
6.53061e-008,3.06122e-007,1.03731e-014
6.53061e-008,3.12245e-007,1.10069e-014
6.53061e-008,3.18367e-007,1.12722e-014
6.53061e-008,3.2449e-007,1.1995e-014
6.53061e-008,3.30612e-007,1.25617e-014
6.53061e-008,3.36735e-007,1.28935e-014
6.53061e-008,3.42857e-007,1.38295e-014
6.53061e-008,3.4898e-007,1.39582e-014
6.53061e-008,3.55102e-007,1.43008e-014
6.53061e-008,3.61224e-007,1.5123e-014
6.53061e-008,3.67347e-007,1.55413e-014
6.53061e-008,3.73469e-007,1.60895e-014
6.53061e-008,3.79592e-007,1.63995e-014
6.53061e-008,3.85714e-007,1.66636e-014
6.53061e-008,3.91837e-007,1.73187e-014
6.53061e-008,3.97959e-007,1.76799e-014
6.53061e-008,4.04082e-007,1.82018e-014
6.53061e-008,4.10204e-007,1.85846e-014
6.53061e-008,4.16327e-007,1.90379e-014
6.53061e-008,4.22449e-007,1.9378e-014
6.53061e-008,4.28571e-007,1.98794e-014
6.53061e-008,4.34694e-007,1.99706e-014
6.53061e-008,4.40816e-007,2.05526e-014
6.53061e-008,4.46939e-007,2.09946e-014
6.53061e-008,4.53061e-007,2.13909e-014
6.53061e-008,4.59184e-007,2.16007e-014
6.53061e-008,4.65306e-007,2.18754e-014
6.53061e-008,4.71429e-007,2.24131e-014
6.53061e-008,4.77551e-007,2.28144e-014
6.53061e-008,4.83673e-007,2.31948e-014
6.53061e-008,4.89796e-007,2.35212e-014
6.53061e-008,4.95918e-007,2.40186e-014
6.53061e-008,5.02041e-007,2.43291e-014
6.53061e-008,5.08163e-007,2.47573e-014
6.53061e-008,5.14286e-007,2.51041e-014
6.53061e-008,5.20408e-007,2.57107e-014
6.53061e-008,5.26531e-007,2.61988e-014
6.53061e-008,5.32653e-007,2.66587e-014
6.53061e-008,5.38776e-007,2.69442e-014
6.53061e-008,5.44898e-007,2.75306e-014
6.53061e-008,5.5102e-007,2.79001e-014
6.53061e-008,5.57143e-007,2.85977e-014
6.53061e-008,5.63265e-007,2.9049e-014
6.53061e-008,5.69388e-007,2.96048e-014
6.53061e-008,5.7551e-007,3.02952e-014
6.53061e-008,5.81633e-007,3.09239e-014
6.53061e-008,5.87755e-007,3.1308e-014
6.53061e-008,5.93878e-007,3.20037e-014
6.53061e-008,6e-007,3.25766e-014
6.61224e-008,3e-007,9.88687e-015
6.61224e-008,3.06122e-007,1.04666e-014
6.61224e-008,3.12245e-007,1.10898e-014
6.61224e-008,3.18367e-007,1.13476e-014
6.61224e-008,3.2449e-007,1.20658e-014
6.61224e-008,3.30612e-007,1.26237e-014
6.61224e-008,3.36735e-007,1.2949e-014
6.61224e-008,3.42857e-007,1.38695e-014
6.61224e-008,3.4898e-007,1.39887e-014
6.61224e-008,3.55102e-007,1.43199e-014
6.61224e-008,3.61224e-007,1.51277e-014
6.61224e-008,3.67347e-007,1.55272e-014
6.61224e-008,3.73469e-007,1.60615e-014
6.61224e-008,3.79592e-007,1.63583e-014
6.61224e-008,3.85714e-007,1.66062e-014
6.61224e-008,3.91837e-007,1.72468e-014
6.61224e-008,3.97959e-007,1.7586e-014
6.61224e-008,4.04082e-007,1.80844e-014
6.61224e-008,4.10204e-007,1.84676e-014
6.61224e-008,4.16327e-007,1.88966e-014
6.61224e-008,4.22449e-007,1.9232e-014
6.61224e-008,4.28571e-007,1.97157e-014
6.61224e-008,4.34694e-007,1.97904e-014
6.61224e-008,4.40816e-007,2.03646e-014
6.61224e-008,4.46939e-007,2.08017e-014
6.61224e-008,4.53061e-007,2.11909e-014
6.61224e-008,4.59184e-007,2.13998e-014
6.61224e-008,4.65306e-007,2.16671e-014
6.61224e-008,4.71429e-007,2.22026e-014
6.61224e-008,4.77551e-007,2.26049e-014
6.61224e-008,4.83673e-007,2.29855e-014
6.61224e-008,4.89796e-007,2.33206e-014
6.61224e-008,4.95918e-007,2.38193e-014
6.61224e-008,5.02041e-007,2.41482e-014
6.61224e-008,5.08163e-007,2.45735e-014
6.61224e-008,5.14286e-007,2.492e-014
6.61224e-008,5.20408e-007,2.55525e-014
6.61224e-008,5.26531e-007,2.60487e-014
6.61224e-008,5.32653e-007,2.65135e-014
6.61224e-008,5.38776e-007,2.68122e-014
6.61224e-008,5.44898e-007,2.7409e-014
6.61224e-008,5.5102e-007,2.77812e-014
6.61224e-008,5.57143e-007,2.84992e-014
6.61224e-008,5.63265e-007,2.89606e-014
6.61224e-008,5.69388e-007,2.95236e-014
6.61224e-008,5.7551e-007,3.02246e-014
6.61224e-008,5.81633e-007,3.08704e-014
6.61224e-008,5.87755e-007,3.12238e-014
6.61224e-008,5.93878e-007,3.19518e-014
6.61224e-008,6e-007,3.25367e-014
6.69388e-008,3e-007,9.9813e-015
6.69388e-008,3.06122e-007,1.05647e-014
6.69388e-008,3.12245e-007,1.11731e-014
6.69388e-008,3.18367e-007,1.14299e-014
6.69388e-008,3.2449e-007,1.2131e-014
6.69388e-008,3.30612e-007,1.26838e-014
6.69388e-008,3.36735e-007,1.29993e-014
6.69388e-008,3.42857e-007,1.39009e-014
6.69388e-008,3.4898e-007,1.4017e-014
6.69388e-008,3.55102e-007,1.43376e-014
6.69388e-008,3.61224e-007,1.51146e-014
6.69388e-008,3.67347e-007,1.55056e-014
6.69388e-008,3.73469e-007,1.60252e-014
6.69388e-008,3.79592e-007,1.6312e-014
6.69388e-008,3.85714e-007,1.65557e-014
6.69388e-008,3.91837e-007,1.71798e-014
6.69388e-008,3.97959e-007,1.75005e-014
6.69388e-008,4.04082e-007,1.79775e-014
6.69388e-008,4.10204e-007,1.83579e-014
6.69388e-008,4.16327e-007,1.8773e-014
6.69388e-008,4.22449e-007,1.91056e-014
6.69388e-008,4.28571e-007,1.95776e-014
6.69388e-008,4.34694e-007,1.96322e-014
6.69388e-008,4.40816e-007,2.02003e-014
6.69388e-008,4.46939e-007,2.06363e-014
6.69388e-008,4.53061e-007,2.10094e-014
6.69388e-008,4.59184e-007,2.12062e-014
6.69388e-008,4.65306e-007,2.14716e-014
6.69388e-008,4.71429e-007,2.20108e-014
6.69388e-008,4.77551e-007,2.24084e-014
6.69388e-008,4.83673e-007,2.27828e-014
6.69388e-008,4.89796e-007,2.31225e-014
6.69388e-008,4.95918e-007,2.36288e-014
6.69388e-008,5.02041e-007,2.39639e-014
6.69388e-008,5.08163e-007,2.43914e-014
6.69388e-008,5.14286e-007,2.47402e-014
6.69388e-008,5.20408e-007,2.53953e-014
6.69388e-008,5.26531e-007,2.58935e-014
6.69388e-008,5.32653e-007,2.63699e-014
6.69388e-008,5.38776e-007,2.6692e-014
6.69388e-008,5.44898e-007,2.72835e-014
6.69388e-008,5.5102e-007,2.76718e-014
6.69388e-008,5.57143e-007,2.84157e-014
6.69388e-008,5.63265e-007,2.88721e-014
6.69388e-008,5.69388e-007,2.94604e-014
6.69388e-008,5.7551e-007,3.01747e-014
6.69388e-008,5.81633e-007,3.08288e-014
6.69388e-008,5.87755e-007,3.12036e-014
6.69388e-008,5.93878e-007,3.19384e-014
6.69388e-008,6e-007,3.2531e-014
6.77551e-008,3e-007,1.00842e-014
6.77551e-008,3.06122e-007,1.06596e-014
6.77551e-008,3.12245e-007,1.12615e-014
6.77551e-008,3.18367e-007,1.15138e-014
6.77551e-008,3.2449e-007,1.21998e-014
6.77551e-008,3.30612e-007,1.27346e-014
6.77551e-008,3.36735e-007,1.30388e-014
6.77551e-008,3.42857e-007,1.39223e-014
6.77551e-008,3.4898e-007,1.40323e-014
6.77551e-008,3.55102e-007,1.43434e-014
6.77551e-008,3.61224e-007,1.50939e-014
6.77551e-008,3.67347e-007,1.5469e-014
6.77551e-008,3.73469e-007,1.59751e-014
6.77551e-008,3.79592e-007,1.62478e-014
6.77551e-008,3.85714e-007,1.64887e-014
6.77551e-008,3.91837e-007,1.70989e-014
6.77551e-008,3.97959e-007,1.7402e-014
6.77551e-008,4.04082e-007,1.78745e-014
6.77551e-008,4.10204e-007,1.82329e-014
6.77551e-008,4.16327e-007,1.86489e-014
6.77551e-008,4.22449e-007,1.89637e-014
6.77551e-008,4.28571e-007,1.94375e-014
6.77551e-008,4.34694e-007,1.94889e-014
6.77551e-008,4.40816e-007,2.00492e-014
6.77551e-008,4.46939e-007,2.04843e-014
6.77551e-008,4.53061e-007,2.08576e-014
6.77551e-008,4.59184e-007,2.10427e-014
6.77551e-008,4.65306e-007,2.13106e-014
6.77551e-008,4.71429e-007,2.1854e-014
6.77551e-008,4.77551e-007,2.2253e-014
6.77551e-008,4.83673e-007,2.26161e-014
6.77551e-008,4.89796e-007,2.29652e-014
6.77551e-008,4.95918e-007,2.34845e-014
6.77551e-008,5.02041e-007,2.38075e-014
6.77551e-008,5.08163e-007,2.42445e-014
6.77551e-008,5.14286e-007,2.46002e-014
6.77551e-008,5.20408e-007,2.52544e-014
6.77551e-008,5.26531e-007,2.57774e-014
6.77551e-008,5.32653e-007,2.62543e-014
6.77551e-008,5.38776e-007,2.65804e-014
6.77551e-008,5.44898e-007,2.71959e-014
6.77551e-008,5.5102e-007,2.75799e-014
6.77551e-008,5.57143e-007,2.83364e-014
6.77551e-008,5.63265e-007,2.88073e-014
6.77551e-008,5.69388e-007,2.94081e-014
6.77551e-008,5.7551e-007,3.01247e-014
6.77551e-008,5.81633e-007,3.07862e-014
6.77551e-008,5.87755e-007,3.11766e-014
6.77551e-008,5.93878e-007,3.19243e-014
6.77551e-008,6e-007,3.25193e-014
6.85714e-008,3e-007,1.01897e-014
6.85714e-008,3.06122e-007,1.07485e-014
6.85714e-008,3.12245e-007,1.13478e-014
6.85714e-008,3.18367e-007,1.15853e-014
6.85714e-008,3.2449e-007,1.22661e-014
6.85714e-008,3.30612e-007,1.27837e-014
6.85714e-008,3.36735e-007,1.30784e-014
6.85714e-008,3.42857e-007,1.39437e-014
6.85714e-008,3.4898e-007,1.40409e-014
6.85714e-008,3.55102e-007,1.43421e-014
6.85714e-008,3.61224e-007,1.5082e-014
6.85714e-008,3.67347e-007,1.54304e-014
6.85714e-008,3.73469e-007,1.59318e-014
6.85714e-008,3.79592e-007,1.61877e-014
6.85714e-008,3.85714e-007,1.64114e-014
6.85714e-008,3.91837e-007,1.70103e-014
6.85714e-008,3.97959e-007,1.72918e-014
6.85714e-008,4.04082e-007,1.77614e-014
6.85714e-008,4.10204e-007,1.81011e-014
6.85714e-008,4.16327e-007,1.85109e-014
6.85714e-008,4.22449e-007,1.88219e-014
6.85714e-008,4.28571e-007,1.92848e-014
6.85714e-008,4.34694e-007,1.93324e-014
6.85714e-008,4.40816e-007,1.9887e-014
6.85714e-008,4.46939e-007,2.0321e-014
6.85714e-008,4.53061e-007,2.07066e-014
6.85714e-008,4.59184e-007,2.08989e-014
6.85714e-008,4.65306e-007,2.11669e-014
6.85714e-008,4.71429e-007,2.17125e-014
6.85714e-008,4.77551e-007,2.21072e-014
6.85714e-008,4.83673e-007,2.24863e-014
6.85714e-008,4.89796e-007,2.28398e-014
6.85714e-008,4.95918e-007,2.33685e-014
6.85714e-008,5.02041e-007,2.36985e-014
6.85714e-008,5.08163e-007,2.41427e-014
6.85714e-008,5.14286e-007,2.45043e-014
6.85714e-008,5.20408e-007,2.51608e-014
6.85714e-008,5.26531e-007,2.57111e-014
6.85714e-008,5.32653e-007,2.61911e-014
6.85714e-008,5.38776e-007,2.65018e-014
6.85714e-008,5.44898e-007,2.71582e-014
6.85714e-008,5.5102e-007,2.75299e-014
6.85714e-008,5.57143e-007,2.83017e-014
6.85714e-008,5.63265e-007,2.88046e-014
6.85714e-008,5.69388e-007,2.93807e-014
6.85714e-008,5.7551e-007,3.0122e-014
6.85714e-008,5.81633e-007,3.07972e-014
6.85714e-008,5.87755e-007,3.11857e-014
6.85714e-008,5.93878e-007,3.19295e-014
6.85714e-008,6e-007,3.25293e-014
6.93878e-008,3e-007,1.0284e-014
6.93878e-008,3.06122e-007,1.08321e-014
6.93878e-008,3.12245e-007,1.14207e-014
6.93878e-008,3.18367e-007,1.16586e-014
6.93878e-008,3.2449e-007,1.23166e-014
6.93878e-008,3.30612e-007,1.28292e-014
6.93878e-008,3.36735e-007,1.31176e-014
6.93878e-008,3.42857e-007,1.39611e-014
6.93878e-008,3.4898e-007,1.405e-014
6.93878e-008,3.55102e-007,1.43403e-014
6.93878e-008,3.61224e-007,1.50636e-014
6.93878e-008,3.67347e-007,1.53964e-014
6.93878e-008,3.73469e-007,1.58832e-014
6.93878e-008,3.79592e-007,1.61326e-014
6.93878e-008,3.85714e-007,1.63442e-014
6.93878e-008,3.91837e-007,1.693e-014
6.93878e-008,3.97959e-007,1.71908e-014
6.93878e-008,4.04082e-007,1.76412e-014
6.93878e-008,4.10204e-007,1.79855e-014
6.93878e-008,4.16327e-007,1.83741e-014
6.93878e-008,4.22449e-007,1.87045e-014
6.93878e-008,4.28571e-007,1.91544e-014
6.93878e-008,4.34694e-007,1.91803e-014
6.93878e-008,4.40816e-007,1.97341e-014
6.93878e-008,4.46939e-007,2.01709e-014
6.93878e-008,4.53061e-007,2.0551e-014
6.93878e-008,4.59184e-007,2.07532e-014
6.93878e-008,4.65306e-007,2.10187e-014
6.93878e-008,4.71429e-007,2.15685e-014
6.93878e-008,4.77551e-007,2.19609e-014
6.93878e-008,4.83673e-007,2.23673e-014
6.93878e-008,4.89796e-007,2.27135e-014
6.93878e-008,4.95918e-007,2.32506e-014
6.93878e-008,5.02041e-007,2.36102e-014
6.93878e-008,5.08163e-007,2.40564e-014
6.93878e-008,5.14286e-007,2.44206e-014
6.93878e-008,5.20408e-007,2.51104e-014
6.93878e-008,5.26531e-007,2.56467e-014
6.93878e-008,5.32653e-007,2.61629e-014
6.93878e-008,5.38776e-007,2.64726e-014
6.93878e-008,5.44898e-007,2.71187e-014
6.93878e-008,5.5102e-007,2.75268e-014
6.93878e-008,5.57143e-007,2.83189e-014
6.93878e-008,5.63265e-007,2.88127e-014
6.93878e-008,5.69388e-007,2.9395e-014
6.93878e-008,5.7551e-007,3.01624e-014
6.93878e-008,5.81633e-007,3.0846e-014
6.93878e-008,5.87755e-007,3.1239e-014
6.93878e-008,5.93878e-007,3.19836e-014
6.93878e-008,6e-007,3.25894e-014
7.02041e-008,3e-007,1.03624e-014
7.02041e-008,3.06122e-007,1.09098e-014
7.02041e-008,3.12245e-007,1.14805e-014
7.02041e-008,3.18367e-007,1.17172e-014
7.02041e-008,3.2449e-007,1.23593e-014
7.02041e-008,3.30612e-007,1.28575e-014
7.02041e-008,3.36735e-007,1.314e-014
7.02041e-008,3.42857e-007,1.39595e-014
7.02041e-008,3.4898e-007,1.40511e-014
7.02041e-008,3.55102e-007,1.4331e-014
7.02041e-008,3.61224e-007,1.50206e-014
7.02041e-008,3.67347e-007,1.53527e-014
7.02041e-008,3.73469e-007,1.58139e-014
7.02041e-008,3.79592e-007,1.60583e-014
7.02041e-008,3.85714e-007,1.62754e-014
7.02041e-008,3.91837e-007,1.68478e-014
7.02041e-008,3.97959e-007,1.70992e-014
7.02041e-008,4.04082e-007,1.75285e-014
7.02041e-008,4.10204e-007,1.78799e-014
7.02041e-008,4.16327e-007,1.82561e-014
7.02041e-008,4.22449e-007,1.85793e-014
7.02041e-008,4.28571e-007,1.90401e-014
7.02041e-008,4.34694e-007,1.90577e-014
7.02041e-008,4.40816e-007,1.9611e-014
7.02041e-008,4.46939e-007,2.0053e-014
7.02041e-008,4.53061e-007,2.04212e-014
7.02041e-008,4.59184e-007,2.06134e-014
7.02041e-008,4.65306e-007,2.08805e-014
7.02041e-008,4.71429e-007,2.14404e-014
7.02041e-008,4.77551e-007,2.18517e-014
7.02041e-008,4.83673e-007,2.22491e-014
7.02041e-008,4.89796e-007,2.26023e-014
7.02041e-008,4.95918e-007,2.31549e-014
7.02041e-008,5.02041e-007,2.35227e-014
7.02041e-008,5.08163e-007,2.39751e-014
7.02041e-008,5.14286e-007,2.43438e-014
7.02041e-008,5.20408e-007,2.50712e-014
7.02041e-008,5.26531e-007,2.55985e-014
7.02041e-008,5.32653e-007,2.61385e-014
7.02041e-008,5.38776e-007,2.64767e-014
7.02041e-008,5.44898e-007,2.71083e-014
7.02041e-008,5.5102e-007,2.75474e-014
7.02041e-008,5.57143e-007,2.83438e-014
7.02041e-008,5.63265e-007,2.88231e-014
7.02041e-008,5.69388e-007,2.94471e-014
7.02041e-008,5.7551e-007,3.01944e-014
7.02041e-008,5.81633e-007,3.08779e-014
7.02041e-008,5.87755e-007,3.1273e-014
7.02041e-008,5.93878e-007,3.20529e-014
7.02041e-008,6e-007,3.26582e-014
7.10204e-008,3e-007,1.04316e-014
7.10204e-008,3.06122e-007,1.09764e-014
7.10204e-008,3.12245e-007,1.15321e-014
7.10204e-008,3.18367e-007,1.17597e-014
7.10204e-008,3.2449e-007,1.23935e-014
7.10204e-008,3.30612e-007,1.2869e-014
7.10204e-008,3.36735e-007,1.31421e-014
7.10204e-008,3.42857e-007,1.39398e-014
7.10204e-008,3.4898e-007,1.40319e-014
7.10204e-008,3.55102e-007,1.43035e-014
7.10204e-008,3.61224e-007,1.49661e-014
7.10204e-008,3.67347e-007,1.52885e-014
7.10204e-008,3.73469e-007,1.57446e-014
7.10204e-008,3.79592e-007,1.5973e-014
7.10204e-008,3.85714e-007,1.61867e-014
7.10204e-008,3.91837e-007,1.67495e-014
7.10204e-008,3.97959e-007,1.69967e-014
7.10204e-008,4.04082e-007,1.74253e-014
7.10204e-008,4.10204e-007,1.77618e-014
7.10204e-008,4.16327e-007,1.81485e-014
7.10204e-008,4.22449e-007,1.84481e-014
7.10204e-008,4.28571e-007,1.89118e-014
7.10204e-008,4.34694e-007,1.89417e-014
7.10204e-008,4.40816e-007,1.94928e-014
7.10204e-008,4.46939e-007,1.99383e-014
7.10204e-008,4.53061e-007,2.03214e-014
7.10204e-008,4.59184e-007,2.05033e-014
7.10204e-008,4.65306e-007,2.07777e-014
7.10204e-008,4.71429e-007,2.13494e-014
7.10204e-008,4.77551e-007,2.17739e-014
7.10204e-008,4.83673e-007,2.21527e-014
7.10204e-008,4.89796e-007,2.25357e-014
7.10204e-008,4.95918e-007,2.31054e-014
7.10204e-008,5.02041e-007,2.34596e-014
7.10204e-008,5.08163e-007,2.39249e-014
7.10204e-008,5.14286e-007,2.43029e-014
7.10204e-008,5.20408e-007,2.50338e-014
7.10204e-008,5.26531e-007,2.56008e-014
7.10204e-008,5.32653e-007,2.61218e-014
7.10204e-008,5.38776e-007,2.64862e-014
7.10204e-008,5.44898e-007,2.71419e-014
7.10204e-008,5.5102e-007,2.75701e-014
7.10204e-008,5.57143e-007,2.83647e-014
7.10204e-008,5.63265e-007,2.88822e-014
7.10204e-008,5.69388e-007,2.95124e-014
7.10204e-008,5.7551e-007,3.02343e-014
7.10204e-008,5.81633e-007,3.09214e-014
7.10204e-008,5.87755e-007,3.13462e-014
7.10204e-008,5.93878e-007,3.21043e-014
7.10204e-008,6e-007,3.27046e-014
7.18367e-008,3e-007,1.04928e-014
7.18367e-008,3.06122e-007,1.10245e-014
7.18367e-008,3.12245e-007,1.15699e-014
7.18367e-008,3.18367e-007,1.17955e-014
7.18367e-008,3.2449e-007,1.24047e-014
7.18367e-008,3.30612e-007,1.28718e-014
7.18367e-008,3.36735e-007,1.31359e-014
7.18367e-008,3.42857e-007,1.39137e-014
7.18367e-008,3.4898e-007,1.39958e-014
7.18367e-008,3.55102e-007,1.42605e-014
7.18367e-008,3.61224e-007,1.49162e-014
7.18367e-008,3.67347e-007,1.52151e-014
7.18367e-008,3.73469e-007,1.56758e-014
7.18367e-008,3.79592e-007,1.58966e-014
7.18367e-008,3.85714e-007,1.60921e-014
7.18367e-008,3.91837e-007,1.66477e-014
7.18367e-008,3.97959e-007,1.68815e-014
7.18367e-008,4.04082e-007,1.73178e-014
7.18367e-008,4.10204e-007,1.76361e-014
7.18367e-008,4.16327e-007,1.80312e-014
7.18367e-008,4.22449e-007,1.8342e-014
7.18367e-008,4.28571e-007,1.87917e-014
7.18367e-008,4.34694e-007,1.8814e-014
7.18367e-008,4.40816e-007,1.93664e-014
7.18367e-008,4.46939e-007,1.98162e-014
7.18367e-008,4.53061e-007,2.02203e-014
7.18367e-008,4.59184e-007,2.04191e-014
7.18367e-008,4.65306e-007,2.06996e-014
7.18367e-008,4.71429e-007,2.12804e-014
7.18367e-008,4.77551e-007,2.16898e-014
7.18367e-008,4.83673e-007,2.20953e-014
7.18367e-008,4.89796e-007,2.24894e-014
7.18367e-008,4.95918e-007,2.30697e-014
7.18367e-008,5.02041e-007,2.34374e-014
7.18367e-008,5.08163e-007,2.39131e-014
7.18367e-008,5.14286e-007,2.42993e-014
7.18367e-008,5.20408e-007,2.50216e-014
7.18367e-008,5.26531e-007,2.56122e-014
7.18367e-008,5.32653e-007,2.6138e-014
7.18367e-008,5.38776e-007,2.64956e-014
7.18367e-008,5.44898e-007,2.71631e-014
7.18367e-008,5.5102e-007,2.75995e-014
7.18367e-008,5.57143e-007,2.84154e-014
7.18367e-008,5.63265e-007,2.89526e-014
7.18367e-008,5.69388e-007,2.9569e-014
7.18367e-008,5.7551e-007,3.03122e-014
7.18367e-008,5.81633e-007,3.1004e-014
7.18367e-008,5.87755e-007,3.14259e-014
7.18367e-008,5.93878e-007,3.21634e-014
7.18367e-008,6e-007,3.2762e-014
7.26531e-008,3e-007,1.0535e-014
7.26531e-008,3.06122e-007,1.10504e-014
7.26531e-008,3.12245e-007,1.1584e-014
7.26531e-008,3.18367e-007,1.18048e-014
7.26531e-008,3.2449e-007,1.23987e-014
7.26531e-008,3.30612e-007,1.28592e-014
7.26531e-008,3.36735e-007,1.31209e-014
7.26531e-008,3.42857e-007,1.38777e-014
7.26531e-008,3.4898e-007,1.39535e-014
7.26531e-008,3.55102e-007,1.42112e-014
7.26531e-008,3.61224e-007,1.48557e-014
7.26531e-008,3.67347e-007,1.51439e-014
7.26531e-008,3.73469e-007,1.5585e-014
7.26531e-008,3.79592e-007,1.58119e-014
7.26531e-008,3.85714e-007,1.60069e-014
7.26531e-008,3.91837e-007,1.65542e-014
7.26531e-008,3.97959e-007,1.67732e-014
7.26531e-008,4.04082e-007,1.71996e-014
7.26531e-008,4.10204e-007,1.75253e-014
7.26531e-008,4.16327e-007,1.79066e-014
7.26531e-008,4.22449e-007,1.82349e-014
7.26531e-008,4.28571e-007,1.86968e-014
7.26531e-008,4.34694e-007,1.8701e-014
7.26531e-008,4.40816e-007,1.92582e-014
7.26531e-008,4.46939e-007,1.97161e-014
7.26531e-008,4.53061e-007,2.0113e-014
7.26531e-008,4.59184e-007,2.03333e-014
7.26531e-008,4.65306e-007,2.06158e-014
7.26531e-008,4.71429e-007,2.12047e-014
7.26531e-008,4.77551e-007,2.16149e-014
7.26531e-008,4.83673e-007,2.20585e-014
7.26531e-008,4.89796e-007,2.24312e-014
7.26531e-008,4.95918e-007,2.30219e-014
7.26531e-008,5.02041e-007,2.34271e-014
7.26531e-008,5.08163e-007,2.39068e-014
7.26531e-008,5.14286e-007,2.42965e-014
7.26531e-008,5.20408e-007,2.50441e-014
7.26531e-008,5.26531e-007,2.56078e-014
7.26531e-008,5.32653e-007,2.61828e-014
7.26531e-008,5.38776e-007,2.65213e-014
7.26531e-008,5.44898e-007,2.71904e-014
7.26531e-008,5.5102e-007,2.76503e-014
7.26531e-008,5.57143e-007,2.84927e-014
7.26531e-008,5.63265e-007,2.89948e-014
7.26531e-008,5.69388e-007,2.96154e-014
7.26531e-008,5.7551e-007,3.03821e-014
7.26531e-008,5.81633e-007,3.10686e-014
7.26531e-008,5.87755e-007,3.14717e-014
7.26531e-008,5.93878e-007,3.22425e-014
7.26531e-008,6e-007,3.28394e-014
7.34694e-008,3e-007,1.05491e-014
7.34694e-008,3.06122e-007,1.10557e-014
7.34694e-008,3.12245e-007,1.15759e-014
7.34694e-008,3.18367e-007,1.1799e-014
7.34694e-008,3.2449e-007,1.23818e-014
7.34694e-008,3.30612e-007,1.28221e-014
7.34694e-008,3.36735e-007,1.30827e-014
7.34694e-008,3.42857e-007,1.38189e-014
7.34694e-008,3.4898e-007,1.39024e-014
7.34694e-008,3.55102e-007,1.41531e-014
7.34694e-008,3.61224e-007,1.47682e-014
7.34694e-008,3.67347e-007,1.50652e-014
7.34694e-008,3.73469e-007,1.54855e-014
7.34694e-008,3.79592e-007,1.57048e-014
7.34694e-008,3.85714e-007,1.59136e-014
7.34694e-008,3.91837e-007,1.64533e-014
7.34694e-008,3.97959e-007,1.66746e-014
7.34694e-008,4.04082e-007,1.70812e-014
7.34694e-008,4.10204e-007,1.74245e-014
7.34694e-008,4.16327e-007,1.77933e-014
7.34694e-008,4.22449e-007,1.81118e-014
7.34694e-008,4.28571e-007,1.85922e-014
7.34694e-008,4.34694e-007,1.86104e-014
7.34694e-008,4.40816e-007,1.91703e-014
7.34694e-008,4.46939e-007,1.96354e-014
7.34694e-008,4.53061e-007,2.00256e-014
7.34694e-008,4.59184e-007,2.02388e-014
7.34694e-008,4.65306e-007,2.05248e-014
7.34694e-008,4.71429e-007,2.11255e-014
7.34694e-008,4.77551e-007,2.15715e-014
7.34694e-008,4.83673e-007,2.20108e-014
7.34694e-008,4.89796e-007,2.23813e-014
7.34694e-008,4.95918e-007,2.29878e-014
7.34694e-008,5.02041e-007,2.33996e-014
7.34694e-008,5.08163e-007,2.38855e-014
7.34694e-008,5.14286e-007,2.42799e-014
7.34694e-008,5.20408e-007,2.50706e-014
7.34694e-008,5.26531e-007,2.56264e-014
7.34694e-008,5.32653e-007,2.6218e-014
7.34694e-008,5.38776e-007,2.65678e-014
7.34694e-008,5.44898e-007,2.72433e-014
7.34694e-008,5.5102e-007,2.77146e-014
7.34694e-008,5.57143e-007,2.85468e-014
7.34694e-008,5.63265e-007,2.90512e-014
7.34694e-008,5.69388e-007,2.96632e-014
7.34694e-008,5.7551e-007,3.04144e-014
7.34694e-008,5.81633e-007,3.10931e-014
7.34694e-008,5.87755e-007,3.15418e-014
7.34694e-008,5.93878e-007,3.22966e-014
7.34694e-008,6e-007,3.28848e-014
7.42857e-008,3e-007,1.05406e-014
7.42857e-008,3.06122e-007,1.10436e-014
7.42857e-008,3.12245e-007,1.15542e-014
7.42857e-008,3.18367e-007,1.17787e-014
7.42857e-008,3.2449e-007,1.23408e-014
7.42857e-008,3.30612e-007,1.27684e-014
7.42857e-008,3.36735e-007,1.30202e-014
7.42857e-008,3.42857e-007,1.37409e-014
7.42857e-008,3.4898e-007,1.38301e-014
7.42857e-008,3.55102e-007,1.40757e-014
7.42857e-008,3.61224e-007,1.46692e-014
7.42857e-008,3.67347e-007,1.49642e-014
7.42857e-008,3.73469e-007,1.53911e-014
7.42857e-008,3.79592e-007,1.55973e-014
7.42857e-008,3.85714e-007,1.57978e-014
7.42857e-008,3.91837e-007,1.63344e-014
7.42857e-008,3.97959e-007,1.65641e-014
7.42857e-008,4.04082e-007,1.69705e-014
7.42857e-008,4.10204e-007,1.73081e-014
7.42857e-008,4.16327e-007,1.76918e-014
7.42857e-008,4.22449e-007,1.80056e-014
7.42857e-008,4.28571e-007,1.84731e-014
7.42857e-008,4.34694e-007,1.85078e-014
7.42857e-008,4.40816e-007,1.90688e-014
7.42857e-008,4.46939e-007,1.95378e-014
7.42857e-008,4.53061e-007,1.99546e-014
7.42857e-008,4.59184e-007,2.01544e-014
7.42857e-008,4.65306e-007,2.04494e-014
7.42857e-008,4.71429e-007,2.1064e-014
7.42857e-008,4.77551e-007,2.15228e-014
7.42857e-008,4.83673e-007,2.19479e-014
7.42857e-008,4.89796e-007,2.23567e-014
7.42857e-008,4.95918e-007,2.29761e-014
7.42857e-008,5.02041e-007,2.33691e-014
7.42857e-008,5.08163e-007,2.38673e-014
7.42857e-008,5.14286e-007,2.42713e-014
7.42857e-008,5.20408e-007,2.50686e-014
7.42857e-008,5.26531e-007,2.56539e-014
7.42857e-008,5.32653e-007,2.62222e-014
7.42857e-008,5.38776e-007,2.66097e-014
7.42857e-008,5.44898e-007,2.72629e-014
7.42857e-008,5.5102e-007,2.77612e-014
7.42857e-008,5.57143e-007,2.85651e-014
7.42857e-008,5.63265e-007,2.911e-014
7.42857e-008,5.69388e-007,2.97128e-014
7.42857e-008,5.7551e-007,3.04479e-014
7.42857e-008,5.81633e-007,3.1125e-014
7.42857e-008,5.87755e-007,3.15735e-014
7.42857e-008,5.93878e-007,3.23035e-014
7.42857e-008,6e-007,3.28813e-014
7.5102e-008,3e-007,1.05198e-014
7.5102e-008,3.06122e-007,1.10147e-014
7.5102e-008,3.12245e-007,1.15176e-014
7.5102e-008,3.18367e-007,1.17304e-014
7.5102e-008,3.2449e-007,1.22793e-014
7.5102e-008,3.30612e-007,1.27058e-014
7.5102e-008,3.36735e-007,1.29481e-014
7.5102e-008,3.42857e-007,1.36577e-014
7.5102e-008,3.4898e-007,1.37366e-014
7.5102e-008,3.55102e-007,1.3979e-014
7.5102e-008,3.61224e-007,1.45754e-014
7.5102e-008,3.67347e-007,1.48472e-014
7.5102e-008,3.73469e-007,1.52783e-014
7.5102e-008,3.79592e-007,1.54934e-014
7.5102e-008,3.85714e-007,1.56778e-014
7.5102e-008,3.91837e-007,1.62133e-014
7.5102e-008,3.97959e-007,1.64334e-014
7.5102e-008,4.04082e-007,1.68563e-014
7.5102e-008,4.10204e-007,1.71746e-014
7.5102e-008,4.16327e-007,1.75791e-014
7.5102e-008,4.22449e-007,1.78995e-014
7.5102e-008,4.28571e-007,1.83695e-014
7.5102e-008,4.34694e-007,1.83856e-014
7.5102e-008,4.40816e-007,1.89518e-014
7.5102e-008,4.46939e-007,1.94267e-014
7.5102e-008,4.53061e-007,1.98641e-014
7.5102e-008,4.59184e-007,2.00824e-014
7.5102e-008,4.65306e-007,2.03864e-014
7.5102e-008,4.71429e-007,2.10113e-014
7.5102e-008,4.77551e-007,2.14455e-014
7.5102e-008,4.83673e-007,2.18894e-014
7.5102e-008,4.89796e-007,2.23195e-014
7.5102e-008,4.95918e-007,2.29434e-014
7.5102e-008,5.02041e-007,2.33512e-014
7.5102e-008,5.08163e-007,2.3859e-014
7.5102e-008,5.14286e-007,2.42714e-014
7.5102e-008,5.20408e-007,2.50436e-014
7.5102e-008,5.26531e-007,2.56376e-014
7.5102e-008,5.32653e-007,2.62123e-014
7.5102e-008,5.38776e-007,2.66156e-014
7.5102e-008,5.44898e-007,2.72569e-014
7.5102e-008,5.5102e-007,2.7767e-014
7.5102e-008,5.57143e-007,2.85796e-014
7.5102e-008,5.63265e-007,2.91111e-014
7.5102e-008,5.69388e-007,2.97425e-014
7.5102e-008,5.7551e-007,3.04754e-014
7.5102e-008,5.81633e-007,3.11473e-014
7.5102e-008,5.87755e-007,3.156e-014
7.5102e-008,5.93878e-007,3.22945e-014
7.5102e-008,6e-007,3.28672e-014
7.59184e-008,3e-007,1.04866e-014
7.59184e-008,3.06122e-007,1.09678e-014
7.59184e-008,3.12245e-007,1.14602e-014
7.59184e-008,3.18367e-007,1.16752e-014
7.59184e-008,3.2449e-007,1.22111e-014
7.59184e-008,3.30612e-007,1.26264e-014
7.59184e-008,3.36735e-007,1.28683e-014
7.59184e-008,3.42857e-007,1.35681e-014
7.59184e-008,3.4898e-007,1.36352e-014
7.59184e-008,3.55102e-007,1.38742e-014
7.59184e-008,3.61224e-007,1.44712e-014
7.59184e-008,3.67347e-007,1.473e-014
7.59184e-008,3.73469e-007,1.51467e-014
7.59184e-008,3.79592e-007,1.53667e-014
7.59184e-008,3.85714e-007,1.55623e-014
7.59184e-008,3.91837e-007,1.60957e-014
7.59184e-008,3.97959e-007,1.62994e-014
7.59184e-008,4.04082e-007,1.67228e-014
7.59184e-008,4.10204e-007,1.70448e-014
7.59184e-008,4.16327e-007,1.74419e-014
7.59184e-008,4.22449e-007,1.77631e-014
7.59184e-008,4.28571e-007,1.82609e-014
7.59184e-008,4.34694e-007,1.827e-014
7.59184e-008,4.40816e-007,1.88432e-014
7.59184e-008,4.46939e-007,1.93266e-014
7.59184e-008,4.53061e-007,1.97476e-014
7.59184e-008,4.59184e-007,1.99931e-014
7.59184e-008,4.65306e-007,2.03002e-014
7.59184e-008,4.71429e-007,2.09315e-014
7.59184e-008,4.77551e-007,2.13691e-014
7.59184e-008,4.83673e-007,2.18368e-014
7.59184e-008,4.89796e-007,2.22407e-014
7.59184e-008,4.95918e-007,2.28703e-014
7.59184e-008,5.02041e-007,2.33172e-014
7.59184e-008,5.08163e-007,2.38262e-014
7.59184e-008,5.14286e-007,2.4241e-014
7.59184e-008,5.20408e-007,2.50164e-014
7.59184e-008,5.26531e-007,2.5598e-014
7.59184e-008,5.32653e-007,2.62014e-014
7.59184e-008,5.38776e-007,2.658e-014
7.59184e-008,5.44898e-007,2.72535e-014
7.59184e-008,5.5102e-007,2.77371e-014
7.59184e-008,5.57143e-007,2.85838e-014
7.59184e-008,5.63265e-007,2.90824e-014
7.59184e-008,5.69388e-007,2.97237e-014
7.59184e-008,5.7551e-007,3.04404e-014
7.59184e-008,5.81633e-007,3.10995e-014
7.59184e-008,5.87755e-007,3.15458e-014
7.59184e-008,5.93878e-007,3.22695e-014
7.59184e-008,6e-007,3.28365e-014
7.67347e-008,3e-007,1.04345e-014
7.67347e-008,3.06122e-007,1.09039e-014
7.67347e-008,3.12245e-007,1.13877e-014
7.67347e-008,3.18367e-007,1.16049e-014
7.67347e-008,3.2449e-007,1.21279e-014
7.67347e-008,3.30612e-007,1.25289e-014
7.67347e-008,3.36735e-007,1.27685e-014
7.67347e-008,3.42857e-007,1.34607e-014
7.67347e-008,3.4898e-007,1.35303e-014
7.67347e-008,3.55102e-007,1.37643e-014
7.67347e-008,3.61224e-007,1.43403e-014
7.67347e-008,3.67347e-007,1.46083e-014
7.67347e-008,3.73469e-007,1.50199e-014
7.67347e-008,3.79592e-007,1.52204e-014
7.67347e-008,3.85714e-007,1.54279e-014
7.67347e-008,3.91837e-007,1.59607e-014
7.67347e-008,3.97959e-007,1.61668e-014
7.67347e-008,4.04082e-007,1.65706e-014
7.67347e-008,4.10204e-007,1.69151e-014
7.67347e-008,4.16327e-007,1.72921e-014
7.67347e-008,4.22449e-007,1.76248e-014
7.67347e-008,4.28571e-007,1.81153e-014
7.67347e-008,4.34694e-007,1.81488e-014
7.67347e-008,4.40816e-007,1.87254e-014
7.67347e-008,4.46939e-007,1.92137e-014
7.67347e-008,4.53061e-007,1.96292e-014
7.67347e-008,4.59184e-007,1.98648e-014
7.67347e-008,4.65306e-007,2.01727e-014
7.67347e-008,4.71429e-007,2.08118e-014
7.67347e-008,4.77551e-007,2.12866e-014
7.67347e-008,4.83673e-007,2.17577e-014
7.67347e-008,4.89796e-007,2.21458e-014
7.67347e-008,4.95918e-007,2.27863e-014
7.67347e-008,5.02041e-007,2.32321e-014
7.67347e-008,5.08163e-007,2.37425e-014
7.67347e-008,5.14286e-007,2.41593e-014
7.67347e-008,5.20408e-007,2.49741e-014
7.67347e-008,5.26531e-007,2.55577e-014
7.67347e-008,5.32653e-007,2.61625e-014
7.67347e-008,5.38776e-007,2.65181e-014
7.67347e-008,5.44898e-007,2.71961e-014
7.67347e-008,5.5102e-007,2.76846e-014
7.67347e-008,5.57143e-007,2.85273e-014
7.67347e-008,5.63265e-007,2.90437e-014
7.67347e-008,5.69388e-007,2.9645e-014
7.67347e-008,5.7551e-007,3.03541e-014
7.67347e-008,5.81633e-007,3.1006e-014
7.67347e-008,5.87755e-007,3.14535e-014
7.67347e-008,5.93878e-007,3.21795e-014
7.67347e-008,6e-007,3.27341e-014
7.7551e-008,3e-007,1.03679e-014
7.7551e-008,3.06122e-007,1.08297e-014
7.7551e-008,3.12245e-007,1.13143e-014
7.7551e-008,3.18367e-007,1.15199e-014
7.7551e-008,3.2449e-007,1.20295e-014
7.7551e-008,3.30612e-007,1.24274e-014
7.7551e-008,3.36735e-007,1.26504e-014
7.7551e-008,3.42857e-007,1.3341e-014
7.7551e-008,3.4898e-007,1.34109e-014
7.7551e-008,3.55102e-007,1.36392e-014
7.7551e-008,3.61224e-007,1.41995e-014
7.7551e-008,3.67347e-007,1.44632e-014
7.7551e-008,3.73469e-007,1.48806e-014
7.7551e-008,3.79592e-007,1.50764e-014
7.7551e-008,3.85714e-007,1.52638e-014
7.7551e-008,3.91837e-007,1.58009e-014
7.7551e-008,3.97959e-007,1.60117e-014
7.7551e-008,4.04082e-007,1.64094e-014
7.7551e-008,4.10204e-007,1.67556e-014
7.7551e-008,4.16327e-007,1.71392e-014
7.7551e-008,4.22449e-007,1.74816e-014
7.7551e-008,4.28571e-007,1.79566e-014
7.7551e-008,4.34694e-007,1.79837e-014
7.7551e-008,4.40816e-007,1.85641e-014
7.7551e-008,4.46939e-007,1.90552e-014
7.7551e-008,4.53061e-007,1.95012e-014
7.7551e-008,4.59184e-007,1.97098e-014
7.7551e-008,4.65306e-007,2.00228e-014
7.7551e-008,4.71429e-007,2.06728e-014
7.7551e-008,4.77551e-007,2.11519e-014
7.7551e-008,4.83673e-007,2.16227e-014
7.7551e-008,4.89796e-007,2.20436e-014
7.7551e-008,4.95918e-007,2.26899e-014
7.7551e-008,5.02041e-007,2.31057e-014
7.7551e-008,5.08163e-007,2.36238e-014
7.7551e-008,5.14286e-007,2.40475e-014
7.7551e-008,5.20408e-007,2.48772e-014
7.7551e-008,5.26531e-007,2.54645e-014
7.7551e-008,5.32653e-007,2.60596e-014
7.7551e-008,5.38776e-007,2.64327e-014
7.7551e-008,5.44898e-007,2.70836e-014
7.7551e-008,5.5102e-007,2.75992e-014
7.7551e-008,5.57143e-007,2.84015e-014
7.7551e-008,5.63265e-007,2.89321e-014
7.7551e-008,5.69388e-007,2.95169e-014
7.7551e-008,5.7551e-007,3.02516e-014
7.7551e-008,5.81633e-007,3.09013e-014
7.7551e-008,5.87755e-007,3.13105e-014
7.7551e-008,5.93878e-007,3.20159e-014
7.7551e-008,6e-007,3.25585e-014
7.83673e-008,3e-007,1.03035e-014
7.83673e-008,3.06122e-007,1.07545e-014
7.83673e-008,3.12245e-007,1.12435e-014
7.83673e-008,3.18367e-007,1.14415e-014
7.83673e-008,3.2449e-007,1.19338e-014
7.83673e-008,3.30612e-007,1.23259e-014
7.83673e-008,3.36735e-007,1.25303e-014
7.83673e-008,3.42857e-007,1.32242e-014
7.83673e-008,3.4898e-007,1.32708e-014
7.83673e-008,3.55102e-007,1.34936e-014
7.83673e-008,3.61224e-007,1.40651e-014
7.83673e-008,3.67347e-007,1.42919e-014
7.83673e-008,3.73469e-007,1.4711e-014
7.83673e-008,3.79592e-007,1.4917e-014
7.83673e-008,3.85714e-007,1.50894e-014
7.83673e-008,3.91837e-007,1.56324e-014
7.83673e-008,3.97959e-007,1.58181e-014
7.83673e-008,4.04082e-007,1.62343e-014
7.83673e-008,4.10204e-007,1.65574e-014
7.83673e-008,4.16327e-007,1.69649e-014
7.83673e-008,4.22449e-007,1.72914e-014
7.83673e-008,4.28571e-007,1.77915e-014
7.83673e-008,4.34694e-007,1.77805e-014
7.83673e-008,4.40816e-007,1.83707e-014
7.83673e-008,4.46939e-007,1.88697e-014
7.83673e-008,4.53061e-007,1.93254e-014
7.83673e-008,4.59184e-007,1.95407e-014
7.83673e-008,4.65306e-007,1.98604e-014
7.83673e-008,4.71429e-007,2.05196e-014
7.83673e-008,4.77551e-007,2.09715e-014
7.83673e-008,4.83673e-007,2.14396e-014
7.83673e-008,4.89796e-007,2.18898e-014
7.83673e-008,4.95918e-007,2.25351e-014
7.83673e-008,5.02041e-007,2.29609e-014
7.83673e-008,5.08163e-007,2.34844e-014
7.83673e-008,5.14286e-007,2.39141e-014
7.83673e-008,5.20408e-007,2.47123e-014
7.83673e-008,5.26531e-007,2.53048e-014
7.83673e-008,5.32653e-007,2.5896e-014
7.83673e-008,5.38776e-007,2.6299e-014
7.83673e-008,5.44898e-007,2.69555e-014
7.83673e-008,5.5102e-007,2.74508e-014
7.83673e-008,5.57143e-007,2.82437e-014
7.83673e-008,5.63265e-007,2.87484e-014
7.83673e-008,5.69388e-007,2.93509e-014
7.83673e-008,5.7551e-007,3.00888e-014
7.83673e-008,5.81633e-007,3.07283e-014
7.83673e-008,5.87755e-007,3.11344e-014
7.83673e-008,5.93878e-007,3.18127e-014
7.83673e-008,6e-007,3.23487e-014
7.91837e-008,3e-007,1.02519e-014
7.91837e-008,3.06122e-007,1.0684e-014
7.91837e-008,3.12245e-007,1.11692e-014
7.91837e-008,3.18367e-007,1.13525e-014
7.91837e-008,3.2449e-007,1.18353e-014
7.91837e-008,3.30612e-007,1.2213e-014
7.91837e-008,3.36735e-007,1.24086e-014
7.91837e-008,3.42857e-007,1.31062e-014
7.91837e-008,3.4898e-007,1.31192e-014
7.91837e-008,3.55102e-007,1.33351e-014
7.91837e-008,3.61224e-007,1.39165e-014
7.91837e-008,3.67347e-007,1.41091e-014
7.91837e-008,3.73469e-007,1.45336e-014
7.91837e-008,3.79592e-007,1.47177e-014
7.91837e-008,3.85714e-007,1.49044e-014
7.91837e-008,3.91837e-007,1.54525e-014
7.91837e-008,3.97959e-007,1.55986e-014
7.91837e-008,4.04082e-007,1.60247e-014
7.91837e-008,4.10204e-007,1.63398e-014
7.91837e-008,4.16327e-007,1.67433e-014
7.91837e-008,4.22449e-007,1.70725e-014
7.91837e-008,4.28571e-007,1.75768e-014
7.91837e-008,4.34694e-007,1.75621e-014
7.91837e-008,4.40816e-007,1.81633e-014
7.91837e-008,4.46939e-007,1.86725e-014
7.91837e-008,4.53061e-007,1.90981e-014
7.91837e-008,4.59184e-007,1.93359e-014
7.91837e-008,4.65306e-007,1.96561e-014
7.91837e-008,4.71429e-007,2.03204e-014
7.91837e-008,4.77551e-007,2.07755e-014
7.91837e-008,4.83673e-007,2.12326e-014
7.91837e-008,4.89796e-007,2.16673e-014
7.91837e-008,4.95918e-007,2.23171e-014
7.91837e-008,5.02041e-007,2.27781e-014
7.91837e-008,5.08163e-007,2.32973e-014
7.91837e-008,5.14286e-007,2.37254e-014
7.91837e-008,5.20408e-007,2.45058e-014
7.91837e-008,5.26531e-007,2.51265e-014
7.91837e-008,5.32653e-007,2.5701e-014
7.91837e-008,5.38776e-007,2.60906e-014
7.91837e-008,5.44898e-007,2.67613e-014
7.91837e-008,5.5102e-007,2.72229e-014
7.91837e-008,5.57143e-007,2.80491e-014
7.91837e-008,5.63265e-007,2.854e-014
7.91837e-008,5.69388e-007,2.91375e-014
7.91837e-008,5.7551e-007,2.98299e-014
7.91837e-008,5.81633e-007,3.04561e-014
7.91837e-008,5.87755e-007,3.0847e-014
7.91837e-008,5.93878e-007,3.15555e-014
7.91837e-008,6e-007,3.20811e-014
8e-008,3e-007,1.02068e-014
8e-008,3.06122e-007,1.06176e-014
8e-008,3.12245e-007,1.10926e-014
8e-008,3.18367e-007,1.12626e-014
8e-008,3.2449e-007,1.17226e-014
8e-008,3.30612e-007,1.20884e-014
8e-008,3.36735e-007,1.22673e-014
8e-008,3.42857e-007,1.29692e-014
8e-008,3.4898e-007,1.2962e-014
8e-008,3.55102e-007,1.31669e-014
8e-008,3.61224e-007,1.37305e-014
8e-008,3.67347e-007,1.39143e-014
8e-008,3.73469e-007,1.43426e-014
8e-008,3.79592e-007,1.44954e-014
8e-008,3.85714e-007,1.46783e-014
8e-008,3.91837e-007,1.52346e-014
8e-008,3.97959e-007,1.53614e-014
8e-008,4.04082e-007,1.5769e-014
8e-008,4.10204e-007,1.61038e-014
8e-008,4.16327e-007,1.64754e-014
8e-008,4.22449e-007,1.68406e-014
8e-008,4.28571e-007,1.73138e-014
8e-008,4.34694e-007,1.73024e-014
8e-008,4.40816e-007,1.79122e-014
8e-008,4.46939e-007,1.84283e-014
8e-008,4.53061e-007,1.88492e-014
8e-008,4.59184e-007,1.90677e-014
8e-008,4.65306e-007,1.9383e-014
8e-008,4.71429e-007,2.00533e-014
8e-008,4.77551e-007,2.05337e-014
8e-008,4.83673e-007,2.09985e-014
8e-008,4.89796e-007,2.14158e-014
8e-008,4.95918e-007,2.20765e-014
8e-008,5.02041e-007,2.25242e-014
8e-008,5.08163e-007,2.30372e-014
8e-008,5.14286e-007,2.34617e-014
8e-008,5.20408e-007,2.42762e-014
8e-008,5.26531e-007,2.49105e-014
8e-008,5.32653e-007,2.54759e-014
8e-008,5.38776e-007,2.58117e-014
8e-008,5.44898e-007,2.64917e-014
8e-008,5.5102e-007,2.69309e-014
8e-008,5.57143e-007,2.77687e-014
8e-008,5.63265e-007,2.82604e-014
8e-008,5.69388e-007,2.88506e-014
8e-008,5.7551e-007,2.95201e-014
8e-008,5.81633e-007,3.01411e-014
8e-008,5.87755e-007,3.05057e-014
8e-008,5.93878e-007,3.11936e-014
8e-008,6e-007,3.16997e-014
