r_p,wavelength,scat_sigma
4e-008,3e-007,1.26031e-015
4e-008,3.06122e-007,1.39752e-015
4e-008,3.12245e-007,1.73444e-015
4e-008,3.18367e-007,1.90137e-015
4e-008,3.2449e-007,2.11207e-015
4e-008,3.30612e-007,2.45004e-015
4e-008,3.36735e-007,2.5687e-015
4e-008,3.42857e-007,3.37852e-015
4e-008,3.4898e-007,3.27164e-015
4e-008,3.55102e-007,3.55584e-015
4e-008,3.61224e-007,4.48133e-015
4e-008,3.67347e-007,4.63861e-015
4e-008,3.73469e-007,5.46589e-015
4e-008,3.79592e-007,5.83323e-015
4e-008,3.85714e-007,6.16341e-015
4e-008,3.91837e-007,7.49049e-015
4e-008,3.97959e-007,7.81283e-015
4e-008,4.04082e-007,8.8954e-015
4e-008,4.10204e-007,9.82707e-015
4e-008,4.16327e-007,1.09852e-014
4e-008,4.22449e-007,1.21065e-014
4e-008,4.28571e-007,1.35318e-014
4e-008,4.34694e-007,1.35509e-014
4e-008,4.40816e-007,1.60577e-014
4e-008,4.46939e-007,1.78358e-014
4e-008,4.53061e-007,1.92487e-014
4e-008,4.59184e-007,1.97699e-014
4e-008,4.65306e-007,2.09824e-014
4e-008,4.71429e-007,2.38577e-014
4e-008,4.77551e-007,2.61086e-014
4e-008,4.83673e-007,2.79541e-014
4e-008,4.89796e-007,2.98221e-014
4e-008,4.95918e-007,3.21779e-014
4e-008,5.02041e-007,3.3761e-014
4e-008,5.08163e-007,3.66001e-014
4e-008,5.14286e-007,3.91941e-014
4e-008,5.20408e-007,4.2632e-014
4e-008,5.26531e-007,4.58534e-014
4e-008,5.32653e-007,4.79831e-014
4e-008,5.38776e-007,4.93295e-014
4e-008,5.44898e-007,5.30547e-014
4e-008,5.5102e-007,5.51434e-014
4e-008,5.57143e-007,5.94859e-014
4e-008,5.63265e-007,6.14899e-014
4e-008,5.69388e-007,6.4802e-014
4e-008,5.7551e-007,6.86428e-014
4e-008,5.81633e-007,7.1513e-014
4e-008,5.87755e-007,7.31851e-014
4e-008,5.93878e-007,7.70889e-014
4e-008,6e-007,7.96804e-014
4.08163e-008,3e-007,1.54093e-015
4.08163e-008,3.06122e-007,1.6743e-015
4.08163e-008,3.12245e-007,2.11799e-015
4.08163e-008,3.18367e-007,2.30219e-015
4.08163e-008,3.2449e-007,2.55643e-015
4.08163e-008,3.30612e-007,2.97859e-015
4.08163e-008,3.36735e-007,2.98239e-015
4.08163e-008,3.42857e-007,4.13089e-015
4.08163e-008,3.4898e-007,3.95569e-015
4.08163e-008,3.55102e-007,4.30574e-015
4.08163e-008,3.61224e-007,5.4698e-015
4.08163e-008,3.67347e-007,5.60749e-015
4.08163e-008,3.73469e-007,6.62746e-015
4.08163e-008,3.79592e-007,7.04904e-015
4.08163e-008,3.85714e-007,7.44744e-015
4.08163e-008,3.91837e-007,9.1029e-015
4.08163e-008,3.97959e-007,9.4319e-015
4.08163e-008,4.04082e-007,1.07482e-014
4.08163e-008,4.10204e-007,1.18582e-014
4.08163e-008,4.16327e-007,1.32365e-014
4.08163e-008,4.22449e-007,1.45624e-014
4.08163e-008,4.28571e-007,1.61879e-014
4.08163e-008,4.34694e-007,1.61939e-014
4.08163e-008,4.40816e-007,1.9127e-014
4.08163e-008,4.46939e-007,2.10565e-014
4.08163e-008,4.53061e-007,2.28877e-014
4.08163e-008,4.59184e-007,2.34015e-014
4.08163e-008,4.65306e-007,2.47924e-014
4.08163e-008,4.71429e-007,2.80647e-014
4.08163e-008,4.77551e-007,3.04763e-014
4.08163e-008,4.83673e-007,3.26793e-014
4.08163e-008,4.89796e-007,3.46903e-014
4.08163e-008,4.95918e-007,3.72863e-014
4.08163e-008,5.02041e-007,3.89586e-014
4.08163e-008,5.08163e-007,4.19421e-014
4.08163e-008,5.14286e-007,4.45988e-014
4.08163e-008,5.20408e-007,4.83843e-014
4.08163e-008,5.26531e-007,5.15197e-014
4.08163e-008,5.32653e-007,5.38827e-014
4.08163e-008,5.38776e-007,5.5159e-014
4.08163e-008,5.44898e-007,5.88176e-014
4.08163e-008,5.5102e-007,6.10622e-014
4.08163e-008,5.57143e-007,6.49918e-014
4.08163e-008,5.63265e-007,6.71947e-014
4.08163e-008,5.69388e-007,7.02391e-014
4.08163e-008,5.7551e-007,7.32682e-014
4.08163e-008,5.81633e-007,7.64913e-014
4.08163e-008,5.87755e-007,7.81948e-014
4.08163e-008,5.93878e-007,8.18152e-014
4.08163e-008,6e-007,8.40162e-014
4.16327e-008,3e-007,1.86703e-015
4.16327e-008,3.06122e-007,2.02087e-015
4.16327e-008,3.12245e-007,2.54724e-015
4.16327e-008,3.18367e-007,2.68989e-015
4.16327e-008,3.2449e-007,3.08993e-015
4.16327e-008,3.30612e-007,3.60513e-015
4.16327e-008,3.36735e-007,3.45517e-015
4.16327e-008,3.42857e-007,4.99188e-015
4.16327e-008,3.4898e-007,4.75109e-015
4.16327e-008,3.55102e-007,5.17795e-015
4.16327e-008,3.61224e-007,6.61354e-015
4.16327e-008,3.67347e-007,6.72491e-015
4.16327e-008,3.73469e-007,7.98626e-015
4.16327e-008,3.79592e-007,8.44165e-015
4.16327e-008,3.85714e-007,8.86196e-015
4.16327e-008,3.91837e-007,1.08807e-014
4.16327e-008,3.97959e-007,1.12505e-014
4.16327e-008,4.04082e-007,1.28328e-014
4.16327e-008,4.10204e-007,1.4121e-014
4.16327e-008,4.16327e-007,1.555e-014
4.16327e-008,4.22449e-007,1.71553e-014
4.16327e-008,4.28571e-007,1.87984e-014
4.16327e-008,4.34694e-007,1.90602e-014
4.16327e-008,4.40816e-007,2.20226e-014
4.16327e-008,4.46939e-007,2.39613e-014
4.16327e-008,4.53061e-007,2.62664e-014
4.16327e-008,4.59184e-007,2.70207e-014
4.16327e-008,4.65306e-007,2.85759e-014
4.16327e-008,4.71429e-007,3.17933e-014
4.16327e-008,4.77551e-007,3.42636e-014
4.16327e-008,4.83673e-007,3.69124e-014
4.16327e-008,4.89796e-007,3.88611e-014
4.16327e-008,4.95918e-007,4.18791e-014
4.16327e-008,5.02041e-007,4.33592e-014
4.16327e-008,5.08163e-007,4.63488e-014
4.16327e-008,5.14286e-007,4.85837e-014
4.16327e-008,5.20408e-007,5.27375e-014
4.16327e-008,5.26531e-007,5.51995e-014
4.16327e-008,5.32653e-007,5.78832e-014
4.16327e-008,5.38776e-007,5.90446e-014
4.16327e-008,5.44898e-007,6.23756e-014
4.16327e-008,5.5102e-007,6.50178e-014
4.16327e-008,5.57143e-007,6.79686e-014
4.16327e-008,5.63265e-007,7.05436e-014
4.16327e-008,5.69388e-007,7.2894e-014
4.16327e-008,5.7551e-007,7.46017e-014
4.16327e-008,5.81633e-007,7.82003e-014
4.16327e-008,5.87755e-007,8.03896e-014
4.16327e-008,5.93878e-007,8.33745e-014
4.16327e-008,6e-007,8.49446e-014
4.2449e-008,3e-007,2.17773e-015
4.2449e-008,3.06122e-007,2.43724e-015
4.2449e-008,3.12245e-007,2.96061e-015
4.2449e-008,3.18367e-007,2.97936e-015
4.2449e-008,3.2449e-007,3.65768e-015
4.2449e-008,3.30612e-007,4.19944e-015
4.2449e-008,3.36735e-007,4.06379e-015
4.2449e-008,3.42857e-007,5.79119e-015
4.2449e-008,3.4898e-007,5.59475e-015
4.2449e-008,3.55102e-007,6.06141e-015
4.2449e-008,3.61224e-007,7.65358e-015
4.2449e-008,3.67347e-007,7.89854e-015
4.2449e-008,3.73469e-007,9.33421e-015
4.2449e-008,3.79592e-007,9.76839e-015
4.2449e-008,3.85714e-007,1.02123e-014
4.2449e-008,3.91837e-007,1.23686e-014
4.2449e-008,3.97959e-007,1.29538e-014
4.2449e-008,4.04082e-007,1.47936e-014
4.2449e-008,4.10204e-007,1.61982e-014
4.2449e-008,4.16327e-007,1.75135e-014
4.2449e-008,4.22449e-007,1.91614e-014
4.2449e-008,4.28571e-007,2.08522e-014
4.2449e-008,4.34694e-007,2.15002e-014
4.2449e-008,4.40816e-007,2.40352e-014
4.2449e-008,4.46939e-007,2.60488e-014
4.2449e-008,4.53061e-007,2.84561e-014
4.2449e-008,4.59184e-007,2.98943e-014
4.2449e-008,4.65306e-007,3.14856e-014
4.2449e-008,4.71429e-007,3.41001e-014
4.2449e-008,4.77551e-007,3.66624e-014
4.2449e-008,4.83673e-007,3.95994e-014
4.2449e-008,4.89796e-007,4.10723e-014
4.2449e-008,4.95918e-007,4.4646e-014
4.2449e-008,5.02041e-007,4.57899e-014
4.2449e-008,5.08163e-007,4.86864e-014
4.2449e-008,5.14286e-007,5.00799e-014
4.2449e-008,5.20408e-007,5.44175e-014
4.2449e-008,5.26531e-007,5.5686e-014
4.2449e-008,5.32653e-007,5.87957e-014
4.2449e-008,5.38776e-007,5.9973e-014
4.2449e-008,5.44898e-007,6.24093e-014
4.2449e-008,5.5102e-007,6.59263e-014
4.2449e-008,5.57143e-007,6.7705e-014
4.2449e-008,5.63265e-007,7.03658e-014
4.2449e-008,5.69388e-007,7.21515e-014
4.2449e-008,5.7551e-007,7.27054e-014
4.2449e-008,5.81633e-007,7.58806e-014
4.2449e-008,5.87755e-007,7.89666e-014
4.2449e-008,5.93878e-007,8.11433e-014
4.2449e-008,6e-007,8.20671e-014
4.32653e-008,3e-007,2.42277e-015
4.32653e-008,3.06122e-007,2.87004e-015
4.32653e-008,3.12245e-007,3.302e-015
4.32653e-008,3.18367e-007,3.17363e-015
4.32653e-008,3.2449e-007,4.15159e-015
4.32653e-008,3.30612e-007,4.63074e-015
4.32653e-008,3.36735e-007,4.78465e-015
4.32653e-008,3.42857e-007,6.33349e-015
4.32653e-008,3.4898e-007,6.36881e-015
4.32653e-008,3.55102e-007,6.81048e-015
4.32653e-008,3.61224e-007,8.3081e-015
4.32653e-008,3.67347e-007,8.97831e-015
4.32653e-008,3.73469e-007,1.03213e-014
4.32653e-008,3.79592e-007,1.07521e-014
4.32653e-008,3.85714e-007,1.13112e-014
4.32653e-008,3.91837e-007,1.31196e-014
4.32653e-008,3.97959e-007,1.41986e-014
4.32653e-008,4.04082e-007,1.6168e-014
4.32653e-008,4.10204e-007,1.75692e-014
4.32653e-008,4.16327e-007,1.878e-014
4.32653e-008,4.22449e-007,1.99955e-014
4.32653e-008,4.28571e-007,2.19564e-014
4.32653e-008,4.34694e-007,2.28714e-014
4.32653e-008,4.40816e-007,2.48412e-014
4.32653e-008,4.46939e-007,2.69735e-014
4.32653e-008,4.53061e-007,2.90378e-014
4.32653e-008,4.59184e-007,3.13051e-014
4.32653e-008,4.65306e-007,3.2735e-014
4.32653e-008,4.71429e-007,3.45529e-014
4.32653e-008,4.77551e-007,3.73048e-014
4.32653e-008,4.83673e-007,4.00849e-014
4.32653e-008,4.89796e-007,4.08846e-014
4.32653e-008,4.95918e-007,4.47173e-014
4.32653e-008,5.02041e-007,4.56944e-014
4.32653e-008,5.08163e-007,4.83646e-014
4.32653e-008,5.14286e-007,4.89731e-014
4.32653e-008,5.20408e-007,5.30121e-014
4.32653e-008,5.26531e-007,5.32333e-014
4.32653e-008,5.32653e-007,5.65577e-014
4.32653e-008,5.38776e-007,5.78986e-014
4.32653e-008,5.44898e-007,5.91556e-014
4.32653e-008,5.5102e-007,6.35351e-014
4.32653e-008,5.57143e-007,6.45464e-014
4.32653e-008,5.63265e-007,6.68359e-014
4.32653e-008,5.69388e-007,6.83467e-014
4.32653e-008,5.7551e-007,6.85307e-014
4.32653e-008,5.81633e-007,7.04255e-014
4.32653e-008,5.87755e-007,7.41788e-014
4.32653e-008,5.93878e-007,7.58332e-014
4.32653e-008,6e-007,7.63595e-014
4.40816e-008,3e-007,2.58877e-015
4.40816e-008,3.06122e-007,3.21316e-015
4.40816e-008,3.12245e-007,3.52577e-015
4.40816e-008,3.18367e-007,3.34673e-015
4.40816e-008,3.2449e-007,4.48046e-015
4.40816e-008,3.30612e-007,4.88701e-015
4.40816e-008,3.36735e-007,5.43532e-015
4.40816e-008,3.42857e-007,6.52752e-015
4.40816e-008,3.4898e-007,6.90571e-015
4.40816e-008,3.55102e-007,7.29422e-015
4.40816e-008,3.61224e-007,8.49214e-015
4.40816e-008,3.67347e-007,9.73989e-015
4.40816e-008,3.73469e-007,1.07177e-014
4.40816e-008,3.79592e-007,1.12526e-014
4.40816e-008,3.85714e-007,1.19698e-014
4.40816e-008,3.91837e-007,1.30705e-014
4.40816e-008,3.97959e-007,1.47712e-014
4.40816e-008,4.04082e-007,1.66168e-014
4.40816e-008,4.10204e-007,1.78961e-014
4.40816e-008,4.16327e-007,1.91384e-014
4.40816e-008,4.22449e-007,1.97611e-014
4.40816e-008,4.28571e-007,2.18937e-014
4.40816e-008,4.34694e-007,2.30135e-014
4.40816e-008,4.40816e-007,2.45544e-014
4.40816e-008,4.46939e-007,2.65597e-014
4.40816e-008,4.53061e-007,2.82365e-014
4.40816e-008,4.59184e-007,3.08867e-014
4.40816e-008,4.65306e-007,3.2039e-014
4.40816e-008,4.71429e-007,3.33345e-014
4.40816e-008,4.77551e-007,3.61389e-014
4.40816e-008,4.83673e-007,3.84102e-014
4.40816e-008,4.89796e-007,3.88431e-014
4.40816e-008,4.95918e-007,4.22903e-014
4.40816e-008,5.02041e-007,4.33414e-014
4.40816e-008,5.08163e-007,4.56018e-014
4.40816e-008,5.14286e-007,4.59349e-014
4.40816e-008,5.20408e-007,4.91714e-014
4.40816e-008,5.26531e-007,4.91023e-014
4.40816e-008,5.32653e-007,5.21253e-014
4.40816e-008,5.38776e-007,5.36068e-014
4.40816e-008,5.44898e-007,5.40567e-014
4.40816e-008,5.5102e-007,5.85189e-014
4.40816e-008,5.57143e-007,5.9444e-014
4.40816e-008,5.63265e-007,6.1241e-014
4.40816e-008,5.69388e-007,6.24736e-014
4.40816e-008,5.7551e-007,6.28911e-014
4.40816e-008,5.81633e-007,6.35959e-014
4.40816e-008,5.87755e-007,6.73831e-014
4.40816e-008,5.93878e-007,6.8848e-014
4.40816e-008,6e-007,6.9302e-014
4.4898e-008,3e-007,2.66875e-015
4.4898e-008,3.06122e-007,3.35605e-015
4.4898e-008,3.12245e-007,3.58261e-015
4.4898e-008,3.18367e-007,3.51244e-015
4.4898e-008,3.2449e-007,4.58895e-015
4.4898e-008,3.30612e-007,4.98717e-015
4.4898e-008,3.36735e-007,5.76827e-015
4.4898e-008,3.42857e-007,6.39139e-015
4.4898e-008,3.4898e-007,7.04244e-015
4.4898e-008,3.55102e-007,7.40997e-015
4.4898e-008,3.61224e-007,8.28702e-015
4.4898e-008,3.67347e-007,9.93193e-015
4.4898e-008,3.73469e-007,1.05075e-014
4.4898e-008,3.79592e-007,1.11983e-014
4.4898e-008,3.85714e-007,1.19764e-014
4.4898e-008,3.91837e-007,1.246e-014
4.4898e-008,3.97959e-007,1.45744e-014
4.4898e-008,4.04082e-007,1.60643e-014
4.4898e-008,4.10204e-007,1.71526e-014
4.4898e-008,4.16327e-007,1.84982e-014
4.4898e-008,4.22449e-007,1.8774e-014
4.4898e-008,4.28571e-007,2.0669e-014
4.4898e-008,4.34694e-007,2.20788e-014
4.4898e-008,4.40816e-007,2.33087e-014
4.4898e-008,4.46939e-007,2.4861e-014
4.4898e-008,4.53061e-007,2.64089e-014
4.4898e-008,4.59184e-007,2.87658e-014
4.4898e-008,4.65306e-007,2.96929e-014
4.4898e-008,4.71429e-007,3.08674e-014
4.4898e-008,4.77551e-007,3.33228e-014
4.4898e-008,4.83673e-007,3.51388e-014
4.4898e-008,4.89796e-007,3.56357e-014
4.4898e-008,4.95918e-007,3.8238e-014
4.4898e-008,5.02041e-007,3.94191e-014
4.4898e-008,5.08163e-007,4.11617e-014
4.4898e-008,5.14286e-007,4.17169e-014
4.4898e-008,5.20408e-007,4.40162e-014
4.4898e-008,5.26531e-007,4.42221e-014
4.4898e-008,5.32653e-007,4.66465e-014
4.4898e-008,5.38776e-007,4.81131e-014
4.4898e-008,5.44898e-007,4.82563e-014
4.4898e-008,5.5102e-007,5.20429e-014
4.4898e-008,5.57143e-007,5.32667e-014
4.4898e-008,5.63265e-007,5.46962e-014
4.4898e-008,5.69388e-007,5.56285e-014
4.4898e-008,5.7551e-007,5.62769e-014
4.4898e-008,5.81633e-007,5.65766e-014
4.4898e-008,5.87755e-007,5.9927e-014
4.4898e-008,5.93878e-007,6.12478e-014
4.4898e-008,6e-007,6.18244e-014
4.57143e-008,3e-007,2.63209e-015
4.57143e-008,3.06122e-007,3.24928e-015
4.57143e-008,3.12245e-007,3.43796e-015
4.57143e-008,3.18367e-007,3.55188e-015
4.57143e-008,3.2449e-007,4.43252e-015
4.57143e-008,3.30612e-007,4.86381e-015
4.57143e-008,3.36735e-007,5.63926e-015
4.57143e-008,3.42857e-007,5.97641e-015
4.57143e-008,3.4898e-007,6.71572e-015
4.57143e-008,3.55102e-007,7.10372e-015
4.57143e-008,3.61224e-007,7.76575e-015
4.57143e-008,3.67347e-007,9.42726e-015
4.57143e-008,3.73469e-007,9.76033e-015
4.57143e-008,3.79592e-007,1.0529e-014
4.57143e-008,3.85714e-007,1.12341e-014
4.57143e-008,3.91837e-007,1.14826e-014
4.57143e-008,3.97959e-007,1.36002e-014
4.57143e-008,4.04082e-007,1.46875e-014
4.57143e-008,4.10204e-007,1.55671e-014
4.57143e-008,4.16327e-007,1.69306e-014
4.57143e-008,4.22449e-007,1.71031e-014
4.57143e-008,4.28571e-007,1.85759e-014
4.57143e-008,4.34694e-007,2.0198e-014
4.57143e-008,4.40816e-007,2.11528e-014
4.57143e-008,4.46939e-007,2.22175e-014
4.57143e-008,4.53061e-007,2.37473e-014
4.57143e-008,4.59184e-007,2.54808e-014
4.57143e-008,4.65306e-007,2.63217e-014
4.57143e-008,4.71429e-007,2.75377e-014
4.57143e-008,4.77551e-007,2.93714e-014
4.57143e-008,4.83673e-007,3.09869e-014
4.57143e-008,4.89796e-007,3.16149e-014
4.57143e-008,4.95918e-007,3.34071e-014
4.57143e-008,5.02041e-007,3.46329e-014
4.57143e-008,5.08163e-007,3.59351e-014
4.57143e-008,5.14286e-007,3.68223e-014
4.57143e-008,5.20408e-007,3.84543e-014
4.57143e-008,5.26531e-007,3.88951e-014
4.57143e-008,5.32653e-007,4.08604e-014
4.57143e-008,5.38776e-007,4.22036e-014
4.57143e-008,5.44898e-007,4.22432e-014
4.57143e-008,5.5102e-007,4.52074e-014
4.57143e-008,5.57143e-007,4.66223e-014
4.57143e-008,5.63265e-007,4.77591e-014
4.57143e-008,5.69388e-007,4.8632e-014
4.57143e-008,5.7551e-007,4.92715e-014
4.57143e-008,5.81633e-007,4.96982e-014
4.57143e-008,5.87755e-007,5.23996e-014
4.57143e-008,5.93878e-007,5.35621e-014
4.57143e-008,6e-007,5.42845e-014
4.65306e-008,3e-007,2.45305e-015
4.65306e-008,3.06122e-007,2.9371e-015
4.65306e-008,3.12245e-007,3.11732e-015
4.65306e-008,3.18367e-007,3.35628e-015
4.65306e-008,3.2449e-007,4.02341e-015
4.65306e-008,3.30612e-007,4.45895e-015
4.65306e-008,3.36735e-007,5.1059e-015
4.65306e-008,3.42857e-007,5.34931e-015
4.65306e-008,3.4898e-007,6.02294e-015
4.65306e-008,3.55102e-007,6.42578e-015
4.65306e-008,3.61224e-007,6.97102e-015
4.65306e-008,3.67347e-007,8.35967e-015
4.65306e-008,3.73469e-007,8.61296e-015
4.65306e-008,3.79592e-007,9.34687e-015
4.65306e-008,3.85714e-007,9.92793e-015
4.65306e-008,3.91837e-007,1.02173e-014
4.65306e-008,3.97959e-007,1.20184e-014
4.65306e-008,4.04082e-007,1.28258e-014
4.65306e-008,4.10204e-007,1.35208e-014
4.65306e-008,4.16327e-007,1.47488e-014
4.65306e-008,4.22449e-007,1.49198e-014
4.65306e-008,4.28571e-007,1.60989e-014
4.65306e-008,4.34694e-007,1.7618e-014
4.65306e-008,4.40816e-007,1.83746e-014
4.65306e-008,4.46939e-007,1.91681e-014
4.65306e-008,4.53061e-007,2.05384e-014
4.65306e-008,4.59184e-007,2.17701e-014
4.65306e-008,4.65306e-007,2.26047e-014
4.65306e-008,4.71429e-007,2.37751e-014
4.65306e-008,4.77551e-007,2.50951e-014
4.65306e-008,4.83673e-007,2.66057e-014
4.65306e-008,4.89796e-007,2.71793e-014
4.65306e-008,4.95918e-007,2.8468e-014
4.65306e-008,5.02041e-007,2.96514e-014
4.65306e-008,5.08163e-007,3.07056e-014
4.65306e-008,5.14286e-007,3.17257e-014
4.65306e-008,5.20408e-007,3.30315e-014
4.65306e-008,5.26531e-007,3.34864e-014
4.65306e-008,5.32653e-007,3.51883e-014
4.65306e-008,5.38776e-007,3.64121e-014
4.65306e-008,5.44898e-007,3.64398e-014
4.65306e-008,5.5102e-007,3.87766e-014
4.65306e-008,5.57143e-007,4.00982e-014
4.65306e-008,5.63265e-007,4.10095e-014
4.65306e-008,5.69388e-007,4.20142e-014
4.65306e-008,5.7551e-007,4.25844e-014
4.65306e-008,5.81633e-007,4.31684e-014
4.65306e-008,5.87755e-007,4.5266e-014
4.65306e-008,5.93878e-007,4.62656e-014
4.65306e-008,6e-007,4.70672e-014
4.73469e-008,3e-007,2.16407e-015
4.73469e-008,3.06122e-007,2.53172e-015
4.73469e-008,3.12245e-007,2.7138e-015
4.73469e-008,3.18367e-007,2.98236e-015
4.73469e-008,3.2449e-007,3.48304e-015
4.73469e-008,3.30612e-007,3.87314e-015
4.73469e-008,3.36735e-007,4.38276e-015
4.73469e-008,3.42857e-007,4.62964e-015
4.73469e-008,3.4898e-007,5.1817e-015
4.73469e-008,3.55102e-007,5.55691e-015
4.73469e-008,3.61224e-007,6.03135e-015
4.73469e-008,3.67347e-007,7.0815e-015
4.73469e-008,3.73469e-007,7.33831e-015
4.73469e-008,3.79592e-007,7.98192e-015
4.73469e-008,3.85714e-007,8.45959e-015
4.73469e-008,3.91837e-007,8.82283e-015
4.73469e-008,3.97959e-007,1.02205e-014
4.73469e-008,4.04082e-007,1.0883e-014
4.73469e-008,4.10204e-007,1.14512e-014
4.73469e-008,4.16327e-007,1.2461e-014
4.73469e-008,4.22449e-007,1.2701e-014
4.73469e-008,4.28571e-007,1.3706e-014
4.73469e-008,4.34694e-007,1.49026e-014
4.73469e-008,4.40816e-007,1.55748e-014
4.73469e-008,4.46939e-007,1.62587e-014
4.73469e-008,4.53061e-007,1.73626e-014
4.73469e-008,4.59184e-007,1.83295e-014
4.73469e-008,4.65306e-007,1.91358e-014
4.73469e-008,4.71429e-007,2.01577e-014
4.73469e-008,4.77551e-007,2.12281e-014
4.73469e-008,4.83673e-007,2.2556e-014
4.73469e-008,4.89796e-007,2.30309e-014
4.73469e-008,4.95918e-007,2.40554e-014
4.73469e-008,5.02041e-007,2.51378e-014
4.73469e-008,5.08163e-007,2.60883e-014
4.73469e-008,5.14286e-007,2.70459e-014
4.73469e-008,5.20408e-007,2.81787e-014
4.73469e-008,5.26531e-007,2.86398e-014
4.73469e-008,5.32653e-007,3.00802e-014
4.73469e-008,5.38776e-007,3.12072e-014
4.73469e-008,5.44898e-007,3.13473e-014
4.73469e-008,5.5102e-007,3.32268e-014
4.73469e-008,5.57143e-007,3.43495e-014
4.73469e-008,5.63265e-007,3.516e-014
4.73469e-008,5.69388e-007,3.61897e-014
4.73469e-008,5.7551e-007,3.67787e-014
4.73469e-008,5.81633e-007,3.74328e-014
4.73469e-008,5.87755e-007,3.9099e-014
4.73469e-008,5.93878e-007,3.99561e-014
4.73469e-008,6e-007,4.07593e-014
4.81633e-008,3e-007,1.85578e-015
4.81633e-008,3.06122e-007,2.15155e-015
4.81633e-008,3.12245e-007,2.33585e-015
4.81633e-008,3.18367e-007,2.58067e-015
4.81633e-008,3.2449e-007,2.97374e-015
4.81633e-008,3.30612e-007,3.30597e-015
4.81633e-008,3.36735e-007,3.70346e-015
4.81633e-008,3.42857e-007,3.97267e-015
4.81633e-008,3.4898e-007,4.41388e-015
4.81633e-008,3.55102e-007,4.73474e-015
4.81633e-008,3.61224e-007,5.16492e-015
4.81633e-008,3.67347e-007,5.95384e-015
4.81633e-008,3.73469e-007,6.23433e-015
4.81633e-008,3.79592e-007,6.78583e-015
4.81633e-008,3.85714e-007,7.19113e-015
4.81633e-008,3.91837e-007,7.57485e-015
4.81633e-008,3.97959e-007,8.64744e-015
4.81633e-008,4.04082e-007,9.22017e-015
4.81633e-008,4.10204e-007,9.72766e-015
4.81633e-008,4.16327e-007,1.0548e-014
4.81633e-008,4.22449e-007,1.08644e-014
4.81633e-008,4.28571e-007,1.1733e-014
4.81633e-008,4.34694e-007,1.26508e-014
4.81633e-008,4.40816e-007,1.3291e-014
4.81633e-008,4.46939e-007,1.38928e-014
4.81633e-008,4.53061e-007,1.48055e-014
4.81633e-008,4.59184e-007,1.56189e-014
4.81633e-008,4.65306e-007,1.63501e-014
4.81633e-008,4.71429e-007,1.72391e-014
4.81633e-008,4.77551e-007,1.81886e-014
4.81633e-008,4.83673e-007,1.9294e-014
4.81633e-008,4.89796e-007,1.97829e-014
4.81633e-008,4.95918e-007,2.06517e-014
4.81633e-008,5.02041e-007,2.16037e-014
4.81633e-008,5.08163e-007,2.24885e-014
4.81633e-008,5.14286e-007,2.33417e-014
4.81633e-008,5.20408e-007,2.43257e-014
4.81633e-008,5.26531e-007,2.48525e-014
4.81633e-008,5.32653e-007,2.60355e-014
4.81633e-008,5.38776e-007,2.70412e-014
4.81633e-008,5.44898e-007,2.73441e-014
4.81633e-008,5.5102e-007,2.88758e-014
4.81633e-008,5.57143e-007,2.98811e-014
4.81633e-008,5.63265e-007,3.06493e-014
4.81633e-008,5.69388e-007,3.15481e-014
4.81633e-008,5.7551e-007,3.22163e-014
4.81633e-008,5.81633e-007,3.29126e-014
4.81633e-008,5.87755e-007,3.42669e-014
4.81633e-008,5.93878e-007,3.50827e-014
4.81633e-008,6e-007,3.58376e-014
4.89796e-008,3e-007,1.61585e-015
4.89796e-008,3.06122e-007,1.87036e-015
4.89796e-008,3.12245e-007,2.05182e-015
4.89796e-008,3.18367e-007,2.26205e-015
4.89796e-008,3.2449e-007,2.59494e-015
4.89796e-008,3.30612e-007,2.88778e-015
4.89796e-008,3.36735e-007,3.20673e-015
4.89796e-008,3.42857e-007,3.49127e-015
4.89796e-008,3.4898e-007,3.8515e-015
4.89796e-008,3.55102e-007,4.12915e-015
4.89796e-008,3.61224e-007,4.53813e-015
4.89796e-008,3.67347e-007,5.16543e-015
4.89796e-008,3.73469e-007,5.45303e-015
4.89796e-008,3.79592e-007,5.93349e-015
4.89796e-008,3.85714e-007,6.289e-015
4.89796e-008,3.91837e-007,6.6807e-015
4.89796e-008,3.97959e-007,7.55083e-015
4.89796e-008,4.04082e-007,8.05414e-015
4.89796e-008,4.10204e-007,8.53823e-015
4.89796e-008,4.16327e-007,9.25004e-015
4.89796e-008,4.22449e-007,9.57575e-015
4.89796e-008,4.28571e-007,1.03593e-014
4.89796e-008,4.34694e-007,1.11182e-014
4.89796e-008,4.40816e-007,1.17289e-014
4.89796e-008,4.46939e-007,1.22711e-014
4.89796e-008,4.53061e-007,1.31022e-014
4.89796e-008,4.59184e-007,1.38013e-014
4.89796e-008,4.65306e-007,1.44569e-014
4.89796e-008,4.71429e-007,1.52845e-014
4.89796e-008,4.77551e-007,1.61258e-014
4.89796e-008,4.83673e-007,1.70809e-014
4.89796e-008,4.89796e-007,1.76106e-014
4.89796e-008,4.95918e-007,1.83961e-014
4.89796e-008,5.02041e-007,1.92423e-014
4.89796e-008,5.08163e-007,2.0065e-014
4.89796e-008,5.14286e-007,2.08503e-014
4.89796e-008,5.20408e-007,2.1739e-014
4.89796e-008,5.26531e-007,2.22824e-014
4.89796e-008,5.32653e-007,2.33363e-014
4.89796e-008,5.38776e-007,2.4206e-014
4.89796e-008,5.44898e-007,2.46137e-014
4.89796e-008,5.5102e-007,2.59066e-014
4.89796e-008,5.57143e-007,2.68707e-014
4.89796e-008,5.63265e-007,2.75829e-014
4.89796e-008,5.69388e-007,2.83664e-014
4.89796e-008,5.7551e-007,2.91031e-014
4.89796e-008,5.81633e-007,2.98e-014
4.89796e-008,5.87755e-007,3.09701e-014
4.89796e-008,5.93878e-007,3.17735e-014
4.89796e-008,6e-007,3.24725e-014
4.97959e-008,3e-007,1.47793e-015
4.97959e-008,3.06122e-007,1.70717e-015
4.97959e-008,3.12245e-007,1.88246e-015
4.97959e-008,3.18367e-007,2.0701e-015
4.97959e-008,3.2449e-007,2.37221e-015
4.97959e-008,3.30612e-007,2.64193e-015
4.97959e-008,3.36735e-007,2.92101e-015
4.97959e-008,3.42857e-007,3.21688e-015
4.97959e-008,3.4898e-007,3.52641e-015
4.97959e-008,3.55102e-007,3.78558e-015
4.97959e-008,3.61224e-007,4.18645e-015
4.97959e-008,3.67347e-007,4.72661e-015
4.97959e-008,3.73469e-007,5.01077e-015
4.97959e-008,3.79592e-007,5.44774e-015
4.97959e-008,3.85714e-007,5.77329e-015
4.97959e-008,3.91837e-007,6.1817e-015
4.97959e-008,3.97959e-007,6.94701e-015
4.97959e-008,4.04082e-007,7.42225e-015
4.97959e-008,4.10204e-007,7.88959e-015
4.97959e-008,4.16327e-007,8.55575e-015
4.97959e-008,4.22449e-007,8.86563e-015
4.97959e-008,4.28571e-007,9.61155e-015
4.97959e-008,4.34694e-007,1.02675e-014
4.97959e-008,4.40816e-007,1.08702e-014
4.97959e-008,4.46939e-007,1.14034e-014
4.97959e-008,4.53061e-007,1.21829e-014
4.97959e-008,4.59184e-007,1.28263e-014
4.97959e-008,4.65306e-007,1.34427e-014
4.97959e-008,4.71429e-007,1.42472e-014
4.97959e-008,4.77551e-007,1.50208e-014
4.97959e-008,4.83673e-007,1.59208e-014
4.97959e-008,4.89796e-007,1.64213e-014
4.97959e-008,4.95918e-007,1.71836e-014
4.97959e-008,5.02041e-007,1.79739e-014
4.97959e-008,5.08163e-007,1.87654e-014
4.97959e-008,5.14286e-007,1.95085e-014
4.97959e-008,5.20408e-007,2.03866e-014
4.97959e-008,5.26531e-007,2.08976e-014
4.97959e-008,5.32653e-007,2.19208e-014
4.97959e-008,5.38776e-007,2.27073e-014
4.97959e-008,5.44898e-007,2.31405e-014
4.97959e-008,5.5102e-007,2.43124e-014
4.97959e-008,5.57143e-007,2.52358e-014
4.97959e-008,5.63265e-007,2.59166e-014
4.97959e-008,5.69388e-007,2.66747e-014
4.97959e-008,5.7551e-007,2.74221e-014
4.97959e-008,5.81633e-007,2.80901e-014
4.97959e-008,5.87755e-007,2.91688e-014
4.97959e-008,5.93878e-007,2.99434e-014
4.97959e-008,6e-007,3.06075e-014
5.06122e-008,3e-007,1.43044e-015
5.06122e-008,3.06122e-007,1.64926e-015
5.06122e-008,3.12245e-007,1.82466e-015
5.06122e-008,3.18367e-007,2.00295e-015
5.06122e-008,3.2449e-007,2.29689e-015
5.06122e-008,3.30612e-007,2.55592e-015
5.06122e-008,3.36735e-007,2.82008e-015
5.06122e-008,3.42857e-007,3.13273e-015
5.06122e-008,3.4898e-007,3.41719e-015
5.06122e-008,3.55102e-007,3.67183e-015
5.06122e-008,3.61224e-007,4.07681e-015
5.06122e-008,3.67347e-007,4.57951e-015
5.06122e-008,3.73469e-007,4.87825e-015
5.06122e-008,3.79592e-007,5.29723e-015
5.06122e-008,3.85714e-007,5.61185e-015
5.06122e-008,3.91837e-007,6.03653e-015
5.06122e-008,3.97959e-007,6.75591e-015
5.06122e-008,4.04082e-007,7.24522e-015
5.06122e-008,4.10204e-007,7.70481e-015
5.06122e-008,4.16327e-007,8.35385e-015
5.06122e-008,4.22449e-007,8.68109e-015
5.06122e-008,4.28571e-007,9.41484e-015
5.06122e-008,4.34694e-007,1.00108e-014
5.06122e-008,4.40816e-007,1.06387e-014
5.06122e-008,4.46939e-007,1.11832e-014
5.06122e-008,4.53061e-007,1.19264e-014
5.06122e-008,4.59184e-007,1.2563e-014
5.06122e-008,4.65306e-007,1.31698e-014
5.06122e-008,4.71429e-007,1.39634e-014
5.06122e-008,4.77551e-007,1.474e-014
5.06122e-008,4.83673e-007,1.56323e-014
5.06122e-008,4.89796e-007,1.61002e-014
5.06122e-008,4.95918e-007,1.68646e-014
5.06122e-008,5.02041e-007,1.76236e-014
5.06122e-008,5.08163e-007,1.84217e-014
5.06122e-008,5.14286e-007,1.91386e-014
5.06122e-008,5.20408e-007,2.00374e-014
5.06122e-008,5.26531e-007,2.05507e-014
5.06122e-008,5.32653e-007,2.15396e-014
5.06122e-008,5.38776e-007,2.23154e-014
5.06122e-008,5.44898e-007,2.27511e-014
5.06122e-008,5.5102e-007,2.38891e-014
5.06122e-008,5.57143e-007,2.4772e-014
5.06122e-008,5.63265e-007,2.54571e-014
5.06122e-008,5.69388e-007,2.62382e-014
5.06122e-008,5.7551e-007,2.69419e-014
5.06122e-008,5.81633e-007,2.76061e-014
5.06122e-008,5.87755e-007,2.8618e-014
5.06122e-008,5.93878e-007,2.93946e-014
5.06122e-008,6e-007,3.0042e-014
5.14286e-008,3e-007,1.45518e-015
5.14286e-008,3.06122e-007,1.67837e-015
5.14286e-008,3.12245e-007,1.86611e-015
5.14286e-008,3.18367e-007,2.04227e-015
5.14286e-008,3.2449e-007,2.34605e-015
5.14286e-008,3.30612e-007,2.61222e-015
5.14286e-008,3.36735e-007,2.872e-015
5.14286e-008,3.42857e-007,3.21272e-015
5.14286e-008,3.4898e-007,3.48979e-015
5.14286e-008,3.55102e-007,3.74664e-015
5.14286e-008,3.61224e-007,4.17689e-015
5.14286e-008,3.67347e-007,4.67452e-015
5.14286e-008,3.73469e-007,5.00353e-015
5.14286e-008,3.79592e-007,5.42583e-015
5.14286e-008,3.85714e-007,5.74661e-015
5.14286e-008,3.91837e-007,6.19575e-015
5.14286e-008,3.97959e-007,6.90715e-015
5.14286e-008,4.04082e-007,7.42219e-015
5.14286e-008,4.10204e-007,7.89971e-015
5.14286e-008,4.16327e-007,8.55094e-015
5.14286e-008,4.22449e-007,8.91036e-015
5.14286e-008,4.28571e-007,9.66252e-015
5.14286e-008,4.34694e-007,1.0252e-014
5.14286e-008,4.40816e-007,1.09168e-014
5.14286e-008,4.46939e-007,1.14744e-014
5.14286e-008,4.53061e-007,1.22307e-014
5.14286e-008,4.59184e-007,1.28685e-014
5.14286e-008,4.65306e-007,1.34773e-014
5.14286e-008,4.71429e-007,1.42843e-014
5.14286e-008,4.77551e-007,1.50944e-014
5.14286e-008,4.83673e-007,1.59868e-014
5.14286e-008,4.89796e-007,1.64843e-014
5.14286e-008,4.95918e-007,1.72616e-014
5.14286e-008,5.02041e-007,1.8001e-014
5.14286e-008,5.08163e-007,1.88173e-014
5.14286e-008,5.14286e-007,1.9533e-014
5.14286e-008,5.20408e-007,2.04357e-014
5.14286e-008,5.26531e-007,2.09847e-014
5.14286e-008,5.32653e-007,2.19385e-014
5.14286e-008,5.38776e-007,2.27182e-014
5.14286e-008,5.44898e-007,2.31854e-014
5.14286e-008,5.5102e-007,2.43147e-014
5.14286e-008,5.57143e-007,2.51947e-014
5.14286e-008,5.63265e-007,2.58736e-014
5.14286e-008,5.69388e-007,2.66756e-014
5.14286e-008,5.7551e-007,2.73503e-014
5.14286e-008,5.81633e-007,2.80246e-014
5.14286e-008,5.87755e-007,2.90183e-014
5.14286e-008,5.93878e-007,2.98034e-014
5.14286e-008,6e-007,3.04376e-014
5.22449e-008,3e-007,1.54251e-015
5.22449e-008,3.06122e-007,1.77958e-015
5.22449e-008,3.12245e-007,1.98651e-015
5.22449e-008,3.18367e-007,2.16723e-015
5.22449e-008,3.2449e-007,2.49214e-015
5.22449e-008,3.30612e-007,2.77803e-015
5.22449e-008,3.36735e-007,3.04657e-015
5.22449e-008,3.42857e-007,3.42455e-015
5.22449e-008,3.4898e-007,3.7063e-015
5.22449e-008,3.55102e-007,3.97567e-015
5.22449e-008,3.61224e-007,4.44795e-015
5.22449e-008,3.67347e-007,4.96443e-015
5.22449e-008,3.73469e-007,5.3203e-015
5.22449e-008,3.79592e-007,5.76093e-015
5.22449e-008,3.85714e-007,6.09857e-015
5.22449e-008,3.91837e-007,6.58927e-015
5.22449e-008,3.97959e-007,7.32657e-015
5.22449e-008,4.04082e-007,7.86809e-015
5.22449e-008,4.10204e-007,8.38256e-015
5.22449e-008,4.16327e-007,9.06249e-015
5.22449e-008,4.22449e-007,9.44369e-015
5.22449e-008,4.28571e-007,1.02349e-014
5.22449e-008,4.34694e-007,1.08394e-014
5.22449e-008,4.40816e-007,1.15437e-014
5.22449e-008,4.46939e-007,1.21335e-014
5.22449e-008,4.53061e-007,1.29332e-014
5.22449e-008,4.59184e-007,1.35778e-014
5.22449e-008,4.65306e-007,1.4198e-014
5.22449e-008,4.71429e-007,1.50447e-014
5.22449e-008,4.77551e-007,1.588e-014
5.22449e-008,4.83673e-007,1.67779e-014
5.22449e-008,4.89796e-007,1.73145e-014
5.22449e-008,4.95918e-007,1.81216e-014
5.22449e-008,5.02041e-007,1.88671e-014
5.22449e-008,5.08163e-007,1.96978e-014
5.22449e-008,5.14286e-007,2.04282e-014
5.22449e-008,5.20408e-007,2.13387e-014
5.22449e-008,5.26531e-007,2.19043e-014
5.22449e-008,5.32653e-007,2.28643e-014
5.22449e-008,5.38776e-007,2.36172e-014
5.22449e-008,5.44898e-007,2.41262e-014
5.22449e-008,5.5102e-007,2.52459e-014
5.22449e-008,5.57143e-007,2.61501e-014
5.22449e-008,5.63265e-007,2.68182e-014
5.22449e-008,5.69388e-007,2.76026e-014
5.22449e-008,5.7551e-007,2.83052e-014
5.22449e-008,5.81633e-007,2.89699e-014
5.22449e-008,5.87755e-007,2.99614e-014
5.22449e-008,5.93878e-007,3.07553e-014
5.22449e-008,6e-007,3.13778e-014
5.30612e-008,3e-007,1.67919e-015
5.30612e-008,3.06122e-007,1.93562e-015
5.30612e-008,3.12245e-007,2.16072e-015
5.30612e-008,3.18367e-007,2.35209e-015
5.30612e-008,3.2449e-007,2.70766e-015
5.30612e-008,3.30612e-007,3.01578e-015
5.30612e-008,3.36735e-007,3.30616e-015
5.30612e-008,3.42857e-007,3.72398e-015
5.30612e-008,3.4898e-007,4.02044e-015
5.30612e-008,3.55102e-007,4.3121e-015
5.30612e-008,3.61224e-007,4.82713e-015
5.30612e-008,3.67347e-007,5.38113e-015
5.30612e-008,3.73469e-007,5.7639e-015
5.30612e-008,3.79592e-007,6.22967e-015
5.30612e-008,3.85714e-007,6.58727e-015
5.30612e-008,3.91837e-007,7.12121e-015
5.30612e-008,3.97959e-007,7.9068e-015
5.30612e-008,4.04082e-007,8.48845e-015
5.30612e-008,4.10204e-007,9.03559e-015
5.30612e-008,4.16327e-007,9.76331e-015
5.30612e-008,4.22449e-007,1.01591e-014
5.30612e-008,4.28571e-007,1.09896e-014
5.30612e-008,4.34694e-007,1.16089e-014
5.30612e-008,4.40816e-007,1.23585e-014
5.30612e-008,4.46939e-007,1.29901e-014
5.30612e-008,4.53061e-007,1.38194e-014
5.30612e-008,4.59184e-007,1.44924e-014
5.30612e-008,4.65306e-007,1.51332e-014
5.30612e-008,4.71429e-007,1.60176e-014
5.30612e-008,4.77551e-007,1.68752e-014
5.30612e-008,4.83673e-007,1.77963e-014
5.30612e-008,4.89796e-007,1.8331e-014
5.30612e-008,4.95918e-007,1.91712e-014
5.30612e-008,5.02041e-007,1.99353e-014
5.30612e-008,5.08163e-007,2.07814e-014
5.30612e-008,5.14286e-007,2.15191e-014
5.30612e-008,5.20408e-007,2.24634e-014
5.30612e-008,5.26531e-007,2.30199e-014
5.30612e-008,5.32653e-007,2.40064e-014
5.30612e-008,5.38776e-007,2.47278e-014
5.30612e-008,5.44898e-007,2.52463e-014
5.30612e-008,5.5102e-007,2.63658e-014
5.30612e-008,5.57143e-007,2.72802e-014
5.30612e-008,5.63265e-007,2.79553e-014
5.30612e-008,5.69388e-007,2.86986e-014
5.30612e-008,5.7551e-007,2.94322e-014
5.30612e-008,5.81633e-007,3.00863e-014
5.30612e-008,5.87755e-007,3.10665e-014
5.30612e-008,5.93878e-007,3.18615e-014
5.30612e-008,6e-007,3.2477e-014
5.38776e-008,3e-007,1.84105e-015
5.38776e-008,3.06122e-007,2.12167e-015
5.38776e-008,3.12245e-007,2.36378e-015
5.38776e-008,3.18367e-007,2.56947e-015
5.38776e-008,3.2449e-007,2.95978e-015
5.38776e-008,3.30612e-007,3.29332e-015
5.38776e-008,3.36735e-007,3.6071e-015
5.38776e-008,3.42857e-007,4.0621e-015
5.38776e-008,3.4898e-007,4.37954e-015
5.38776e-008,3.55102e-007,4.69414e-015
5.38776e-008,3.61224e-007,5.247e-015
5.38776e-008,3.67347e-007,5.84568e-015
5.38776e-008,3.73469e-007,6.26075e-015
5.38776e-008,3.79592e-007,6.7544e-015
5.38776e-008,3.85714e-007,7.13368e-015
5.38776e-008,3.91837e-007,7.69795e-015
5.38776e-008,3.97959e-007,8.53259e-015
5.38776e-008,4.04082e-007,9.16215e-015
5.38776e-008,4.10204e-007,9.73058e-015
5.38776e-008,4.16327e-007,1.05e-014
5.38776e-008,4.22449e-007,1.091e-014
5.38776e-008,4.28571e-007,1.1777e-014
5.38776e-008,4.34694e-007,1.24224e-014
5.38776e-008,4.40816e-007,1.32073e-014
5.38776e-008,4.46939e-007,1.38615e-014
5.38776e-008,4.53061e-007,1.47075e-014
5.38776e-008,4.59184e-007,1.54118e-014
5.38776e-008,4.65306e-007,1.60709e-014
5.38776e-008,4.71429e-007,1.69696e-014
5.38776e-008,4.77551e-007,1.78561e-014
5.38776e-008,4.83673e-007,1.88093e-014
5.38776e-008,4.89796e-007,1.93306e-014
5.38776e-008,4.95918e-007,2.01853e-014
5.38776e-008,5.02041e-007,2.09484e-014
5.38776e-008,5.08163e-007,2.18077e-014
5.38776e-008,5.14286e-007,2.25404e-014
5.38776e-008,5.20408e-007,2.35111e-014
5.38776e-008,5.26531e-007,2.40564e-014
5.38776e-008,5.32653e-007,2.50486e-014
5.38776e-008,5.38776e-007,2.57727e-014
5.38776e-008,5.44898e-007,2.62701e-014
5.38776e-008,5.5102e-007,2.73998e-014
5.38776e-008,5.57143e-007,2.82988e-014
5.38776e-008,5.63265e-007,2.89715e-014
5.38776e-008,5.69388e-007,2.9705e-014
5.38776e-008,5.7551e-007,3.04169e-014
5.38776e-008,5.81633e-007,3.10709e-014
5.38776e-008,5.87755e-007,3.20565e-014
5.38776e-008,5.93878e-007,3.2834e-014
5.38776e-008,6e-007,3.34413e-014
5.46939e-008,3e-007,2.00326e-015
5.46939e-008,3.06122e-007,2.30977e-015
5.46939e-008,3.12245e-007,2.57047e-015
5.46939e-008,3.18367e-007,2.79007e-015
5.46939e-008,3.2449e-007,3.21252e-015
5.46939e-008,3.30612e-007,3.57344e-015
5.46939e-008,3.36735e-007,3.90795e-015
5.46939e-008,3.42857e-007,4.39327e-015
5.46939e-008,3.4898e-007,4.73282e-015
5.46939e-008,3.55102e-007,5.06503e-015
5.46939e-008,3.61224e-007,5.65288e-015
5.46939e-008,3.67347e-007,6.2913e-015
5.46939e-008,3.73469e-007,6.7308e-015
5.46939e-008,3.79592e-007,7.2517e-015
5.46939e-008,3.85714e-007,7.65291e-015
5.46939e-008,3.91837e-007,8.23767e-015
5.46939e-008,3.97959e-007,9.11307e-015
5.46939e-008,4.04082e-007,9.77175e-015
5.46939e-008,4.10204e-007,1.03595e-014
5.46939e-008,4.16327e-007,1.11497e-014
5.46939e-008,4.22449e-007,1.15756e-014
5.46939e-008,4.28571e-007,1.2469e-014
5.46939e-008,4.34694e-007,1.31466e-014
5.46939e-008,4.40816e-007,1.39418e-014
5.46939e-008,4.46939e-007,1.46018e-014
5.46939e-008,4.53061e-007,1.5469e-014
5.46939e-008,4.59184e-007,1.61819e-014
5.46939e-008,4.65306e-007,1.68462e-014
5.46939e-008,4.71429e-007,1.77431e-014
5.46939e-008,4.77551e-007,1.86493e-014
5.46939e-008,4.83673e-007,1.96152e-014
5.46939e-008,4.89796e-007,2.01383e-014
5.46939e-008,4.95918e-007,2.09906e-014
5.46939e-008,5.02041e-007,2.17394e-014
5.46939e-008,5.08163e-007,2.25959e-014
5.46939e-008,5.14286e-007,2.33213e-014
5.46939e-008,5.20408e-007,2.4277e-014
5.46939e-008,5.26531e-007,2.48187e-014
5.46939e-008,5.32653e-007,2.57912e-014
5.46939e-008,5.38776e-007,2.65343e-014
5.46939e-008,5.44898e-007,2.70065e-014
5.46939e-008,5.5102e-007,2.81448e-014
5.46939e-008,5.57143e-007,2.90214e-014
5.46939e-008,5.63265e-007,2.9673e-014
5.46939e-008,5.69388e-007,3.04262e-014
5.46939e-008,5.7551e-007,3.10908e-014
5.46939e-008,5.81633e-007,3.17316e-014
5.46939e-008,5.87755e-007,3.27116e-014
5.46939e-008,5.93878e-007,3.34889e-014
5.46939e-008,6e-007,3.40832e-014
5.55102e-008,3e-007,2.15059e-015
5.55102e-008,3.06122e-007,2.47823e-015
5.55102e-008,3.12245e-007,2.75618e-015
5.55102e-008,3.18367e-007,2.98789e-015
5.55102e-008,3.2449e-007,3.43733e-015
5.55102e-008,3.30612e-007,3.81841e-015
5.55102e-008,3.36735e-007,4.17508e-015
5.55102e-008,3.42857e-007,4.67924e-015
5.55102e-008,3.4898e-007,5.04018e-015
5.55102e-008,3.55102e-007,5.38664e-015
5.55102e-008,3.61224e-007,5.9996e-015
5.55102e-008,3.67347e-007,6.67087e-015
5.55102e-008,3.73469e-007,7.11882e-015
5.55102e-008,3.79592e-007,7.66e-015
5.55102e-008,3.85714e-007,8.07612e-015
5.55102e-008,3.91837e-007,8.67299e-015
5.55102e-008,3.97959e-007,9.58467e-015
5.55102e-008,4.04082e-007,1.02472e-014
5.55102e-008,4.10204e-007,1.08515e-014
5.55102e-008,4.16327e-007,1.16509e-014
5.55102e-008,4.22449e-007,1.2083e-014
5.55102e-008,4.28571e-007,1.29846e-014
5.55102e-008,4.34694e-007,1.36797e-014
5.55102e-008,4.40816e-007,1.44687e-014
5.55102e-008,4.46939e-007,1.51324e-014
5.55102e-008,4.53061e-007,1.60117e-014
5.55102e-008,4.59184e-007,1.67214e-014
5.55102e-008,4.65306e-007,1.73812e-014
5.55102e-008,4.71429e-007,1.82719e-014
5.55102e-008,4.77551e-007,1.91711e-014
5.55102e-008,4.83673e-007,2.01211e-014
5.55102e-008,4.89796e-007,2.06428e-014
5.55102e-008,4.95918e-007,2.14865e-014
5.55102e-008,5.02041e-007,2.22331e-014
5.55102e-008,5.08163e-007,2.30702e-014
5.55102e-008,5.14286e-007,2.37871e-014
5.55102e-008,5.20408e-007,2.47072e-014
5.55102e-008,5.26531e-007,2.52426e-014
5.55102e-008,5.32653e-007,2.61926e-014
5.55102e-008,5.38776e-007,2.69262e-014
5.55102e-008,5.44898e-007,2.73855e-014
5.55102e-008,5.5102e-007,2.85153e-014
5.55102e-008,5.57143e-007,2.93744e-014
5.55102e-008,5.63265e-007,3.00133e-014
5.55102e-008,5.69388e-007,3.07644e-014
5.55102e-008,5.7551e-007,3.1402e-014
5.55102e-008,5.81633e-007,3.20197e-014
5.55102e-008,5.87755e-007,3.29891e-014
5.55102e-008,5.93878e-007,3.37559e-014
5.55102e-008,6e-007,3.43388e-014
5.63265e-008,3e-007,2.27587e-015
5.63265e-008,3.06122e-007,2.61747e-015
5.63265e-008,3.12245e-007,2.90604e-015
5.63265e-008,3.18367e-007,3.15048e-015
5.63265e-008,3.2449e-007,3.61874e-015
5.63265e-008,3.30612e-007,4.01214e-015
5.63265e-008,3.36735e-007,4.38845e-015
5.63265e-008,3.42857e-007,4.89951e-015
5.63265e-008,3.4898e-007,5.28039e-015
5.63265e-008,3.55102e-007,5.63946e-015
5.63265e-008,3.61224e-007,6.25967e-015
5.63265e-008,3.67347e-007,6.95817e-015
5.63265e-008,3.73469e-007,7.40596e-015
5.63265e-008,3.79592e-007,7.95973e-015
5.63265e-008,3.85714e-007,8.38184e-015
5.63265e-008,3.91837e-007,8.97741e-015
5.63265e-008,3.97959e-007,9.91565e-015
5.63265e-008,4.04082e-007,1.0576e-014
5.63265e-008,4.10204e-007,1.11828e-014
5.63265e-008,4.16327e-007,1.19908e-014
5.63265e-008,4.22449e-007,1.24097e-014
5.63265e-008,4.28571e-007,1.33086e-014
5.63265e-008,4.34694e-007,1.4009e-014
5.63265e-008,4.40816e-007,1.47862e-014
5.63265e-008,4.46939e-007,1.54432e-014
5.63265e-008,4.53061e-007,1.63103e-014
5.63265e-008,4.59184e-007,1.70232e-014
5.63265e-008,4.65306e-007,1.76771e-014
5.63265e-008,4.71429e-007,1.85542e-014
5.63265e-008,4.77551e-007,1.94286e-014
5.63265e-008,4.83673e-007,2.03552e-014
5.63265e-008,4.89796e-007,2.0862e-014
5.63265e-008,4.95918e-007,2.16883e-014
5.63265e-008,5.02041e-007,2.24342e-014
5.63265e-008,5.08163e-007,2.32496e-014
5.63265e-008,5.14286e-007,2.39505e-014
5.63265e-008,5.20408e-007,2.48509e-014
5.63265e-008,5.26531e-007,2.53641e-014
5.63265e-008,5.32653e-007,2.63039e-014
5.63265e-008,5.38776e-007,2.70002e-014
5.63265e-008,5.44898e-007,2.74549e-014
5.63265e-008,5.5102e-007,2.85544e-014
5.63265e-008,5.57143e-007,2.93986e-014
5.63265e-008,5.63265e-007,3.00298e-014
5.63265e-008,5.69388e-007,3.07498e-014
5.63265e-008,5.7551e-007,3.13818e-014
5.63265e-008,5.81633e-007,3.199e-014
5.63265e-008,5.87755e-007,3.2951e-014
5.63265e-008,5.93878e-007,3.36889e-014
5.63265e-008,6e-007,3.42659e-014
5.71429e-008,3e-007,2.37628e-015
5.71429e-008,3.06122e-007,2.72868e-015
5.71429e-008,3.12245e-007,3.0219e-015
5.71429e-008,3.18367e-007,3.27776e-015
5.71429e-008,3.2449e-007,3.75717e-015
5.71429e-008,3.30612e-007,4.16135e-015
5.71429e-008,3.36735e-007,4.54808e-015
5.71429e-008,3.42857e-007,5.0601e-015
5.71429e-008,3.4898e-007,5.45616e-015
5.71429e-008,3.55102e-007,5.82346e-015
5.71429e-008,3.61224e-007,6.44129e-015
5.71429e-008,3.67347e-007,7.15595e-015
5.71429e-008,3.73469e-007,7.6023e-015
5.71429e-008,3.79592e-007,8.16503e-015
5.71429e-008,3.85714e-007,8.591e-015
5.71429e-008,3.91837e-007,9.17701e-015
5.71429e-008,3.97959e-007,1.01221e-014
5.71429e-008,4.04082e-007,1.07837e-014
5.71429e-008,4.10204e-007,1.13793e-014
5.71429e-008,4.16327e-007,1.21897e-014
5.71429e-008,4.22449e-007,1.2594e-014
5.71429e-008,4.28571e-007,1.34846e-014
5.71429e-008,4.34694e-007,1.41899e-014
5.71429e-008,4.40816e-007,1.49483e-014
5.71429e-008,4.46939e-007,1.55842e-014
5.71429e-008,4.53061e-007,1.64304e-014
5.71429e-008,4.59184e-007,1.71414e-014
5.71429e-008,4.65306e-007,1.77883e-014
5.71429e-008,4.71429e-007,1.86404e-014
5.71429e-008,4.77551e-007,1.94938e-014
5.71429e-008,4.83673e-007,2.04071e-014
5.71429e-008,4.89796e-007,2.08982e-014
5.71429e-008,4.95918e-007,2.16965e-014
5.71429e-008,5.02041e-007,2.24216e-014
5.71429e-008,5.08163e-007,2.32195e-014
5.71429e-008,5.14286e-007,2.39003e-014
5.71429e-008,5.20408e-007,2.47899e-014
5.71429e-008,5.26531e-007,2.52753e-014
5.71429e-008,5.32653e-007,2.6205e-014
5.71429e-008,5.38776e-007,2.68773e-014
5.71429e-008,5.44898e-007,2.73169e-014
5.71429e-008,5.5102e-007,2.83847e-014
5.71429e-008,5.57143e-007,2.92123e-014
5.71429e-008,5.63265e-007,2.98247e-014
5.71429e-008,5.69388e-007,3.05127e-014
5.71429e-008,5.7551e-007,3.11469e-014
5.71429e-008,5.81633e-007,3.17497e-014
5.71429e-008,5.87755e-007,3.2686e-014
5.71429e-008,5.93878e-007,3.34179e-014
5.71429e-008,6e-007,3.39886e-014
5.79592e-008,3e-007,2.45585e-015
5.79592e-008,3.06122e-007,2.81928e-015
5.79592e-008,3.12245e-007,3.11653e-015
5.79592e-008,3.18367e-007,3.38038e-015
5.79592e-008,3.2449e-007,3.86691e-015
5.79592e-008,3.30612e-007,4.27934e-015
5.79592e-008,3.36735e-007,4.67172e-015
5.79592e-008,3.42857e-007,5.1848e-015
5.79592e-008,3.4898e-007,5.5895e-015
5.79592e-008,3.55102e-007,5.95976e-015
5.79592e-008,3.61224e-007,6.57897e-015
5.79592e-008,3.67347e-007,7.29616e-015
5.79592e-008,3.73469e-007,7.74182e-015
5.79592e-008,3.79592e-007,8.30925e-015
5.79592e-008,3.85714e-007,8.73845e-015
5.79592e-008,3.91837e-007,9.31841e-015
5.79592e-008,3.97959e-007,1.02578e-014
5.79592e-008,4.04082e-007,1.09134e-014
5.79592e-008,4.10204e-007,1.14999e-014
5.79592e-008,4.16327e-007,1.22979e-014
5.79592e-008,4.22449e-007,1.27027e-014
5.79592e-008,4.28571e-007,1.3579e-014
5.79592e-008,4.34694e-007,1.42829e-014
5.79592e-008,4.40816e-007,1.50192e-014
5.79592e-008,4.46939e-007,1.56374e-014
5.79592e-008,4.53061e-007,1.64716e-014
5.79592e-008,4.59184e-007,1.71628e-014
5.79592e-008,4.65306e-007,1.77975e-014
5.79592e-008,4.71429e-007,1.86228e-014
5.79592e-008,4.77551e-007,1.9462e-014
5.79592e-008,4.83673e-007,2.03641e-014
5.79592e-008,4.89796e-007,2.08412e-014
5.79592e-008,4.95918e-007,2.16128e-014
5.79592e-008,5.02041e-007,2.23124e-014
5.79592e-008,5.08163e-007,2.30908e-014
5.79592e-008,5.14286e-007,2.37559e-014
5.79592e-008,5.20408e-007,2.46171e-014
5.79592e-008,5.26531e-007,2.50929e-014
5.79592e-008,5.32653e-007,2.5993e-014
5.79592e-008,5.38776e-007,2.667e-014
5.79592e-008,5.44898e-007,2.7085e-014
5.79592e-008,5.5102e-007,2.81327e-014
5.79592e-008,5.57143e-007,2.89391e-014
5.79592e-008,5.63265e-007,2.95346e-014
5.79592e-008,5.69388e-007,3.02029e-014
5.79592e-008,5.7551e-007,3.08363e-014
5.79592e-008,5.81633e-007,3.14234e-014
5.79592e-008,5.87755e-007,3.23448e-014
5.79592e-008,5.93878e-007,3.3067e-014
5.79592e-008,6e-007,3.36287e-014
5.87755e-008,3e-007,2.52669e-015
5.87755e-008,3.06122e-007,2.89939e-015
5.87755e-008,3.12245e-007,3.20285e-015
5.87755e-008,3.18367e-007,3.47338e-015
5.87755e-008,3.2449e-007,3.96552e-015
5.87755e-008,3.30612e-007,4.38212e-015
5.87755e-008,3.36735e-007,4.78188e-015
5.87755e-008,3.42857e-007,5.2972e-015
5.87755e-008,3.4898e-007,5.70773e-015
5.87755e-008,3.55102e-007,6.08004e-015
5.87755e-008,3.61224e-007,6.70334e-015
5.87755e-008,3.67347e-007,7.41935e-015
5.87755e-008,3.73469e-007,7.86399e-015
5.87755e-008,3.79592e-007,8.43218e-015
5.87755e-008,3.85714e-007,8.86005e-015
5.87755e-008,3.91837e-007,9.43815e-015
5.87755e-008,3.97959e-007,1.0375e-014
5.87755e-008,4.04082e-007,1.10148e-014
5.87755e-008,4.10204e-007,1.16006e-014
5.87755e-008,4.16327e-007,1.23814e-014
5.87755e-008,4.22449e-007,1.27871e-014
5.87755e-008,4.28571e-007,1.36502e-014
5.87755e-008,4.34694e-007,1.43423e-014
5.87755e-008,4.40816e-007,1.50632e-014
5.87755e-008,4.46939e-007,1.56729e-014
5.87755e-008,4.53061e-007,1.64964e-014
5.87755e-008,4.59184e-007,1.71665e-014
5.87755e-008,4.65306e-007,1.77866e-014
5.87755e-008,4.71429e-007,1.85935e-014
5.87755e-008,4.77551e-007,1.94132e-014
5.87755e-008,4.83673e-007,2.02927e-014
5.87755e-008,4.89796e-007,2.07553e-014
5.87755e-008,4.95918e-007,2.1508e-014
5.87755e-008,5.02041e-007,2.2199e-014
5.87755e-008,5.08163e-007,2.29547e-014
5.87755e-008,5.14286e-007,2.36079e-014
5.87755e-008,5.20408e-007,2.44301e-014
5.87755e-008,5.26531e-007,2.49089e-014
5.87755e-008,5.32653e-007,2.57726e-014
5.87755e-008,5.38776e-007,2.64515e-014
5.87755e-008,5.44898e-007,2.68547e-014
5.87755e-008,5.5102e-007,2.78813e-014
5.87755e-008,5.57143e-007,2.86643e-014
5.87755e-008,5.63265e-007,2.92513e-014
5.87755e-008,5.69388e-007,2.9918e-014
5.87755e-008,5.7551e-007,3.05322e-014
5.87755e-008,5.81633e-007,3.11084e-014
5.87755e-008,5.87755e-007,3.20118e-014
5.87755e-008,5.93878e-007,3.27193e-014
5.87755e-008,6e-007,3.32748e-014
5.95918e-008,3e-007,2.60172e-015
5.95918e-008,3.06122e-007,2.97996e-015
5.95918e-008,3.12245e-007,3.29072e-015
5.95918e-008,3.18367e-007,3.5683e-015
5.95918e-008,3.2449e-007,4.06676e-015
5.95918e-008,3.30612e-007,4.48892e-015
5.95918e-008,3.36735e-007,4.89526e-015
5.95918e-008,3.42857e-007,5.41379e-015
5.95918e-008,3.4898e-007,5.83117e-015
5.95918e-008,3.55102e-007,6.20822e-015
5.95918e-008,3.61224e-007,6.83135e-015
5.95918e-008,3.67347e-007,7.55184e-015
5.95918e-008,3.73469e-007,7.99397e-015
5.95918e-008,3.79592e-007,8.56427e-015
5.95918e-008,3.85714e-007,8.98973e-015
5.95918e-008,3.91837e-007,9.56448e-015
5.95918e-008,3.97959e-007,1.05014e-014
5.95918e-008,4.04082e-007,1.11307e-014
5.95918e-008,4.10204e-007,1.17148e-014
5.95918e-008,4.16327e-007,1.24889e-014
5.95918e-008,4.22449e-007,1.28855e-014
5.95918e-008,4.28571e-007,1.37387e-014
5.95918e-008,4.34694e-007,1.44201e-014
5.95918e-008,4.40816e-007,1.51314e-014
5.95918e-008,4.46939e-007,1.57292e-014
5.95918e-008,4.53061e-007,1.6534e-014
5.95918e-008,4.59184e-007,1.71975e-014
5.95918e-008,4.65306e-007,1.78067e-014
5.95918e-008,4.71429e-007,1.86006e-014
5.95918e-008,4.77551e-007,1.93953e-014
5.95918e-008,4.83673e-007,2.02459e-014
5.95918e-008,4.89796e-007,2.07023e-014
5.95918e-008,4.95918e-007,2.1437e-014
5.95918e-008,5.02041e-007,2.21216e-014
5.95918e-008,5.08163e-007,2.28589e-014
5.95918e-008,5.14286e-007,2.3498e-014
5.95918e-008,5.20408e-007,2.42993e-014
5.95918e-008,5.26531e-007,2.47677e-014
5.95918e-008,5.32653e-007,2.56147e-014
5.95918e-008,5.38776e-007,2.62678e-014
5.95918e-008,5.44898e-007,2.66729e-014
5.95918e-008,5.5102e-007,2.76727e-014
5.95918e-008,5.57143e-007,2.8439e-014
5.95918e-008,5.63265e-007,2.90141e-014
5.95918e-008,5.69388e-007,2.96897e-014
5.95918e-008,5.7551e-007,3.02749e-014
5.95918e-008,5.81633e-007,3.08513e-014
5.95918e-008,5.87755e-007,3.1727e-014
5.95918e-008,5.93878e-007,3.24306e-014
5.95918e-008,6e-007,3.29837e-014
6.04082e-008,3e-007,2.68687e-015
6.04082e-008,3.06122e-007,3.07058e-015
6.04082e-008,3.12245e-007,3.38891e-015
6.04082e-008,3.18367e-007,3.67436e-015
6.04082e-008,3.2449e-007,4.18091e-015
6.04082e-008,3.30612e-007,4.61209e-015
6.04082e-008,3.36735e-007,5.02234e-015
6.04082e-008,3.42857e-007,5.54694e-015
6.04082e-008,3.4898e-007,5.97107e-015
6.04082e-008,3.55102e-007,6.35385e-015
6.04082e-008,3.61224e-007,6.97727e-015
6.04082e-008,3.67347e-007,7.70389e-015
6.04082e-008,3.73469e-007,8.14639e-015
6.04082e-008,3.79592e-007,8.72046e-015
6.04082e-008,3.85714e-007,9.14815e-015
6.04082e-008,3.91837e-007,9.72033e-015
6.04082e-008,3.97959e-007,1.06516e-014
6.04082e-008,4.04082e-007,1.1283e-014
6.04082e-008,4.10204e-007,1.1859e-014
6.04082e-008,4.16327e-007,1.26342e-014
6.04082e-008,4.22449e-007,1.30226e-014
6.04082e-008,4.28571e-007,1.38654e-014
6.04082e-008,4.34694e-007,1.45426e-014
6.04082e-008,4.40816e-007,1.52428e-014
6.04082e-008,4.46939e-007,1.58259e-014
6.04082e-008,4.53061e-007,1.6613e-014
6.04082e-008,4.59184e-007,1.72717e-014
6.04082e-008,4.65306e-007,1.78733e-014
6.04082e-008,4.71429e-007,1.86515e-014
6.04082e-008,4.77551e-007,1.94284e-014
6.04082e-008,4.83673e-007,2.02595e-014
6.04082e-008,4.89796e-007,2.07155e-014
6.04082e-008,4.95918e-007,2.14306e-014
6.04082e-008,5.02041e-007,2.20932e-014
6.04082e-008,5.08163e-007,2.28192e-014
6.04082e-008,5.14286e-007,2.34425e-014
6.04082e-008,5.20408e-007,2.42413e-014
6.04082e-008,5.26531e-007,2.46894e-014
6.04082e-008,5.32653e-007,2.55312e-014
6.04082e-008,5.38776e-007,2.61504e-014
6.04082e-008,5.44898e-007,2.65573e-014
6.04082e-008,5.5102e-007,2.75298e-014
6.04082e-008,5.57143e-007,2.82907e-014
6.04082e-008,5.63265e-007,2.88541e-014
6.04082e-008,5.69388e-007,2.95193e-014
6.04082e-008,5.7551e-007,3.00999e-014
6.04082e-008,5.81633e-007,3.06707e-014
6.04082e-008,5.87755e-007,3.15408e-014
6.04082e-008,5.93878e-007,3.22325e-014
6.04082e-008,6e-007,3.27821e-014
6.12245e-008,3e-007,2.78255e-015
6.12245e-008,3.06122e-007,3.17686e-015
6.12245e-008,3.12245e-007,3.50352e-015
6.12245e-008,3.18367e-007,3.7962e-015
6.12245e-008,3.2449e-007,4.31347e-015
6.12245e-008,3.30612e-007,4.75344e-015
6.12245e-008,3.36735e-007,5.17e-015
6.12245e-008,3.42857e-007,5.70427e-015
6.12245e-008,3.4898e-007,6.13363e-015
6.12245e-008,3.55102e-007,6.52073e-015
6.12245e-008,3.61224e-007,7.15293e-015
6.12245e-008,3.67347e-007,7.88174e-015
6.12245e-008,3.73469e-007,8.33056e-015
6.12245e-008,3.79592e-007,8.90697e-015
6.12245e-008,3.85714e-007,9.33784e-015
6.12245e-008,3.91837e-007,9.91249e-015
6.12245e-008,3.97959e-007,1.08384e-014
6.12245e-008,4.04082e-007,1.14721e-014
6.12245e-008,4.10204e-007,1.2042e-014
6.12245e-008,4.16327e-007,1.28124e-014
6.12245e-008,4.22449e-007,1.32001e-014
6.12245e-008,4.28571e-007,1.40345e-014
6.12245e-008,4.34694e-007,1.47053e-014
6.12245e-008,4.40816e-007,1.53953e-014
6.12245e-008,4.46939e-007,1.59721e-014
6.12245e-008,4.53061e-007,1.67513e-014
6.12245e-008,4.59184e-007,1.73931e-014
6.12245e-008,4.65306e-007,1.79855e-014
6.12245e-008,4.71429e-007,1.87461e-014
6.12245e-008,4.77551e-007,1.95158e-014
6.12245e-008,4.83673e-007,2.03388e-014
6.12245e-008,4.89796e-007,2.0783e-014
6.12245e-008,4.95918e-007,2.14837e-014
6.12245e-008,5.02041e-007,2.21247e-014
6.12245e-008,5.08163e-007,2.28391e-014
6.12245e-008,5.14286e-007,2.34505e-014
6.12245e-008,5.20408e-007,2.42385e-014
6.12245e-008,5.26531e-007,2.46799e-014
6.12245e-008,5.32653e-007,2.55027e-014
6.12245e-008,5.38776e-007,2.61111e-014
6.12245e-008,5.44898e-007,2.65149e-014
6.12245e-008,5.5102e-007,2.74635e-014
6.12245e-008,5.57143e-007,2.82207e-014
6.12245e-008,5.63265e-007,2.87779e-014
6.12245e-008,5.69388e-007,2.94125e-014
6.12245e-008,5.7551e-007,3.00125e-014
6.12245e-008,5.81633e-007,3.05732e-014
6.12245e-008,5.87755e-007,3.14292e-014
6.12245e-008,5.93878e-007,3.2123e-014
6.12245e-008,6e-007,3.26679e-014
6.20408e-008,3e-007,2.89008e-015
6.20408e-008,3.06122e-007,3.29954e-015
6.20408e-008,3.12245e-007,3.63517e-015
6.20408e-008,3.18367e-007,3.93461e-015
6.20408e-008,3.2449e-007,4.46496e-015
6.20408e-008,3.30612e-007,4.91385e-015
6.20408e-008,3.36735e-007,5.3408e-015
6.20408e-008,3.42857e-007,5.88566e-015
6.20408e-008,3.4898e-007,6.32155e-015
6.20408e-008,3.55102e-007,6.71324e-015
6.20408e-008,3.61224e-007,7.3577e-015
6.20408e-008,3.67347e-007,8.09084e-015
6.20408e-008,3.73469e-007,8.5451e-015
6.20408e-008,3.79592e-007,9.12502e-015
6.20408e-008,3.85714e-007,9.55587e-015
6.20408e-008,3.91837e-007,1.01337e-014
6.20408e-008,3.97959e-007,1.10641e-014
6.20408e-008,4.04082e-007,1.16919e-014
6.20408e-008,4.10204e-007,1.22638e-014
6.20408e-008,4.16327e-007,1.30226e-014
6.20408e-008,4.22449e-007,1.34124e-014
6.20408e-008,4.28571e-007,1.42412e-014
6.20408e-008,4.34694e-007,1.49028e-014
6.20408e-008,4.40816e-007,1.55873e-014
6.20408e-008,4.46939e-007,1.61612e-014
6.20408e-008,4.53061e-007,1.69342e-014
6.20408e-008,4.59184e-007,1.75601e-014
6.20408e-008,4.65306e-007,1.8141e-014
6.20408e-008,4.71429e-007,1.88886e-014
6.20408e-008,4.77551e-007,1.96501e-014
6.20408e-008,4.83673e-007,2.04638e-014
6.20408e-008,4.89796e-007,2.0888e-014
6.20408e-008,4.95918e-007,2.15793e-014
6.20408e-008,5.02041e-007,2.22147e-014
6.20408e-008,5.08163e-007,2.29141e-014
6.20408e-008,5.14286e-007,2.35168e-014
6.20408e-008,5.20408e-007,2.42797e-014
6.20408e-008,5.26531e-007,2.47247e-014
6.20408e-008,5.32653e-007,2.55209e-014
6.20408e-008,5.38776e-007,2.61362e-014
6.20408e-008,5.44898e-007,2.65296e-014
6.20408e-008,5.5102e-007,2.7467e-014
6.20408e-008,5.57143e-007,2.82108e-014
6.20408e-008,5.63265e-007,2.87597e-014
6.20408e-008,5.69388e-007,2.93794e-014
6.20408e-008,5.7551e-007,2.99847e-014
6.20408e-008,5.81633e-007,3.05456e-014
6.20408e-008,5.87755e-007,3.13836e-014
6.20408e-008,5.93878e-007,3.20807e-014
6.20408e-008,6e-007,3.26255e-014
6.28571e-008,3e-007,3.01243e-015
6.28571e-008,3.06122e-007,3.43642e-015
6.28571e-008,3.12245e-007,3.78148e-015
6.28571e-008,3.18367e-007,4.09005e-015
6.28571e-008,3.2449e-007,4.63474e-015
6.28571e-008,3.30612e-007,5.09551e-015
6.28571e-008,3.36735e-007,5.53242e-015
6.28571e-008,3.42857e-007,6.08689e-015
6.28571e-008,3.4898e-007,6.53286e-015
6.28571e-008,3.55102e-007,6.93175e-015
6.28571e-008,3.61224e-007,7.58284e-015
6.28571e-008,3.67347e-007,8.32883e-015
6.28571e-008,3.73469e-007,8.78342e-015
6.28571e-008,3.79592e-007,9.36941e-015
6.28571e-008,3.85714e-007,9.80166e-015
6.28571e-008,3.91837e-007,1.03788e-014
6.28571e-008,3.97959e-007,1.13168e-014
6.28571e-008,4.04082e-007,1.19394e-014
6.28571e-008,4.10204e-007,1.25137e-014
6.28571e-008,4.16327e-007,1.3267e-014
6.28571e-008,4.22449e-007,1.36551e-014
6.28571e-008,4.28571e-007,1.44764e-014
6.28571e-008,4.34694e-007,1.51347e-014
6.28571e-008,4.40816e-007,1.58129e-014
6.28571e-008,4.46939e-007,1.6377e-014
6.28571e-008,4.53061e-007,1.71373e-014
6.28571e-008,4.59184e-007,1.7761e-014
6.28571e-008,4.65306e-007,1.83323e-014
6.28571e-008,4.71429e-007,1.9071e-014
6.28571e-008,4.77551e-007,1.98169e-014
6.28571e-008,4.83673e-007,2.06127e-014
6.28571e-008,4.89796e-007,2.10309e-014
6.28571e-008,4.95918e-007,2.17107e-014
6.28571e-008,5.02041e-007,2.2341e-014
6.28571e-008,5.08163e-007,2.30276e-014
6.28571e-008,5.14286e-007,2.36195e-014
6.28571e-008,5.20408e-007,2.43654e-014
6.28571e-008,5.26531e-007,2.48049e-014
6.28571e-008,5.32653e-007,2.55885e-014
6.28571e-008,5.38776e-007,2.61988e-014
6.28571e-008,5.44898e-007,2.65827e-014
6.28571e-008,5.5102e-007,2.7517e-014
6.28571e-008,5.57143e-007,2.82448e-014
6.28571e-008,5.63265e-007,2.87863e-014
6.28571e-008,5.69388e-007,2.94149e-014
6.28571e-008,5.7551e-007,3.00018e-014
6.28571e-008,5.81633e-007,3.05662e-014
6.28571e-008,5.87755e-007,3.14092e-014
6.28571e-008,5.93878e-007,3.20932e-014
6.28571e-008,6e-007,3.26413e-014
6.36735e-008,3e-007,3.14933e-015
6.36735e-008,3.06122e-007,3.58541e-015
6.36735e-008,3.12245e-007,3.94132e-015
6.36735e-008,3.18367e-007,4.25996e-015
6.36735e-008,3.2449e-007,4.82102e-015
6.36735e-008,3.30612e-007,5.29489e-015
6.36735e-008,3.36735e-007,5.74081e-015
6.36735e-008,3.42857e-007,6.30498e-015
6.36735e-008,3.4898e-007,6.76195e-015
6.36735e-008,3.55102e-007,7.16909e-015
6.36735e-008,3.61224e-007,7.8243e-015
6.36735e-008,3.67347e-007,8.58526e-015
6.36735e-008,3.73469e-007,9.04155e-015
6.36735e-008,3.79592e-007,9.63208e-015
6.36735e-008,3.85714e-007,1.00694e-014
6.36735e-008,3.91837e-007,1.0645e-014
6.36735e-008,3.97959e-007,1.15842e-014
6.36735e-008,4.04082e-007,1.221e-014
6.36735e-008,4.10204e-007,1.27793e-014
6.36735e-008,4.16327e-007,1.3536e-014
6.36735e-008,4.22449e-007,1.39153e-014
6.36735e-008,4.28571e-007,1.47287e-014
6.36735e-008,4.34694e-007,1.53871e-014
6.36735e-008,4.40816e-007,1.60549e-014
6.36735e-008,4.46939e-007,1.66086e-014
6.36735e-008,4.53061e-007,1.73553e-014
6.36735e-008,4.59184e-007,1.79775e-014
6.36735e-008,4.65306e-007,1.85422e-014
6.36735e-008,4.71429e-007,1.92694e-014
6.36735e-008,4.77551e-007,2.00008e-014
6.36735e-008,4.83673e-007,2.07776e-014
6.36735e-008,4.89796e-007,2.12009e-014
6.36735e-008,4.95918e-007,2.18674e-014
6.36735e-008,5.02041e-007,2.24794e-014
6.36735e-008,5.08163e-007,2.31583e-014
6.36735e-008,5.14286e-007,2.37379e-014
6.36735e-008,5.20408e-007,2.44851e-014
6.36735e-008,5.26531e-007,2.49106e-014
6.36735e-008,5.32653e-007,2.56925e-014
6.36735e-008,5.38776e-007,2.6279e-014
6.36735e-008,5.44898e-007,2.66672e-014
6.36735e-008,5.5102e-007,2.7589e-014
6.36735e-008,5.57143e-007,2.83135e-014
6.36735e-008,5.63265e-007,2.88547e-014
6.36735e-008,5.69388e-007,2.94913e-014
6.36735e-008,5.7551e-007,3.00648e-014
6.36735e-008,5.81633e-007,3.0625e-014
6.36735e-008,5.87755e-007,3.14608e-014
6.36735e-008,5.93878e-007,3.21545e-014
6.36735e-008,6e-007,3.27047e-014
6.44898e-008,3e-007,3.2963e-015
6.44898e-008,3.06122e-007,3.74576e-015
6.44898e-008,3.12245e-007,4.11398e-015
6.44898e-008,3.18367e-007,4.44161e-015
6.44898e-008,3.2449e-007,5.01976e-015
6.44898e-008,3.30612e-007,5.50517e-015
6.44898e-008,3.36735e-007,5.9628e-015
6.44898e-008,3.42857e-007,6.53685e-015
6.44898e-008,3.4898e-007,7.00321e-015
6.44898e-008,3.55102e-007,7.41663e-015
6.44898e-008,3.61224e-007,8.08091e-015
6.44898e-008,3.67347e-007,8.85107e-015
6.44898e-008,3.73469e-007,9.31241e-015
6.44898e-008,3.79592e-007,9.90615e-015
6.44898e-008,3.85714e-007,1.03463e-014
6.44898e-008,3.91837e-007,1.09219e-014
6.44898e-008,3.97959e-007,1.18619e-014
6.44898e-008,4.04082e-007,1.24913e-014
6.44898e-008,4.10204e-007,1.30528e-014
6.44898e-008,4.16327e-007,1.38092e-014
6.44898e-008,4.22449e-007,1.41798e-014
6.44898e-008,4.28571e-007,1.49865e-014
6.44898e-008,4.34694e-007,1.56406e-014
6.44898e-008,4.40816e-007,1.62982e-014
6.44898e-008,4.46939e-007,1.6848e-014
6.44898e-008,4.53061e-007,1.75874e-014
6.44898e-008,4.59184e-007,1.81957e-014
6.44898e-008,4.65306e-007,1.87528e-014
6.44898e-008,4.71429e-007,1.94644e-014
6.44898e-008,4.77551e-007,2.01896e-014
6.44898e-008,4.83673e-007,2.09556e-014
6.44898e-008,4.89796e-007,2.13706e-014
6.44898e-008,4.95918e-007,2.20278e-014
6.44898e-008,5.02041e-007,2.26232e-014
6.44898e-008,5.08163e-007,2.32942e-014
6.44898e-008,5.14286e-007,2.38645e-014
6.44898e-008,5.20408e-007,2.46117e-014
6.44898e-008,5.26531e-007,2.50285e-014
6.44898e-008,5.32653e-007,2.58035e-014
6.44898e-008,5.38776e-007,2.63713e-014
6.44898e-008,5.44898e-007,2.67656e-014
6.44898e-008,5.5102e-007,2.76719e-014
6.44898e-008,5.57143e-007,2.84035e-014
6.44898e-008,5.63265e-007,2.89411e-014
6.44898e-008,5.69388e-007,2.95762e-014
6.44898e-008,5.7551e-007,3.01527e-014
6.44898e-008,5.81633e-007,3.07123e-014
6.44898e-008,5.87755e-007,3.15431e-014
6.44898e-008,5.93878e-007,3.22473e-014
6.44898e-008,6e-007,3.28e-014
6.53061e-008,3e-007,3.44957e-015
6.53061e-008,3.06122e-007,3.91654e-015
6.53061e-008,3.12245e-007,4.29585e-015
6.53061e-008,3.18367e-007,4.63257e-015
6.53061e-008,3.2449e-007,5.22712e-015
6.53061e-008,3.30612e-007,5.72372e-015
6.53061e-008,3.36735e-007,6.1946e-015
6.53061e-008,3.42857e-007,6.77605e-015
6.53061e-008,3.4898e-007,7.25238e-015
6.53061e-008,3.55102e-007,7.6705e-015
6.53061e-008,3.61224e-007,8.34455e-015
6.53061e-008,3.67347e-007,9.12292e-015
6.53061e-008,3.73469e-007,9.58558e-015
6.53061e-008,3.79592e-007,1.01842e-014
6.53061e-008,3.85714e-007,1.06236e-014
6.53061e-008,3.91837e-007,1.11963e-014
6.53061e-008,3.97959e-007,1.21444e-014
6.53061e-008,4.04082e-007,1.2768e-014
6.53061e-008,4.10204e-007,1.33269e-014
6.53061e-008,4.16327e-007,1.40724e-014
6.53061e-008,4.22449e-007,1.44421e-014
6.53061e-008,4.28571e-007,1.52397e-014
6.53061e-008,4.34694e-007,1.58888e-014
6.53061e-008,4.40816e-007,1.65378e-014
6.53061e-008,4.46939e-007,1.70813e-014
6.53061e-008,4.53061e-007,1.78146e-014
6.53061e-008,4.59184e-007,1.84087e-014
6.53061e-008,4.65306e-007,1.89551e-014
6.53061e-008,4.71429e-007,1.96526e-014
6.53061e-008,4.77551e-007,2.03732e-014
6.53061e-008,4.83673e-007,2.11339e-014
6.53061e-008,4.89796e-007,2.15278e-014
6.53061e-008,4.95918e-007,2.21781e-014
6.53061e-008,5.02041e-007,2.27705e-014
6.53061e-008,5.08163e-007,2.34301e-014
6.53061e-008,5.14286e-007,2.39941e-014
6.53061e-008,5.20408e-007,2.47255e-014
6.53061e-008,5.26531e-007,2.5142e-014
6.53061e-008,5.32653e-007,2.59032e-014
6.53061e-008,5.38776e-007,2.64734e-014
6.53061e-008,5.44898e-007,2.68617e-014
6.53061e-008,5.5102e-007,2.77642e-014
6.53061e-008,5.57143e-007,2.84973e-014
6.53061e-008,5.63265e-007,2.90285e-014
6.53061e-008,5.69388e-007,2.9656e-014
6.53061e-008,5.7551e-007,3.02415e-014
6.53061e-008,5.81633e-007,3.081e-014
6.53061e-008,5.87755e-007,3.16515e-014
6.53061e-008,5.93878e-007,3.23509e-014
6.53061e-008,6e-007,3.29111e-014
6.61224e-008,3e-007,3.60878e-015
6.61224e-008,3.06122e-007,4.09466e-015
6.61224e-008,3.12245e-007,4.48173e-015
6.61224e-008,3.18367e-007,4.82826e-015
6.61224e-008,3.2449e-007,5.43972e-015
6.61224e-008,3.30612e-007,5.94842e-015
6.61224e-008,3.36735e-007,6.43041e-015
6.61224e-008,3.42857e-007,7.01536e-015
6.61224e-008,3.4898e-007,7.50441e-015
6.61224e-008,3.55102e-007,7.92811e-015
6.61224e-008,3.61224e-007,8.60376e-015
6.61224e-008,3.67347e-007,9.39643e-015
6.61224e-008,3.73469e-007,9.85513e-015
6.61224e-008,3.79592e-007,1.04574e-014
6.61224e-008,3.85714e-007,1.08979e-014
6.61224e-008,3.91837e-007,1.14625e-014
6.61224e-008,3.97959e-007,1.24183e-014
6.61224e-008,4.04082e-007,1.30322e-014
6.61224e-008,4.10204e-007,1.35902e-014
6.61224e-008,4.16327e-007,1.43241e-014
6.61224e-008,4.22449e-007,1.4692e-014
6.61224e-008,4.28571e-007,1.54786e-014
6.61224e-008,4.34694e-007,1.61284e-014
6.61224e-008,4.40816e-007,1.67652e-014
6.61224e-008,4.46939e-007,1.72954e-014
6.61224e-008,4.53061e-007,1.80164e-014
6.61224e-008,4.59184e-007,1.86087e-014
6.61224e-008,4.65306e-007,1.9145e-014
6.61224e-008,4.71429e-007,1.98322e-014
6.61224e-008,4.77551e-007,2.05402e-014
6.61224e-008,4.83673e-007,2.12925e-014
6.61224e-008,4.89796e-007,2.16766e-014
6.61224e-008,4.95918e-007,2.23171e-014
6.61224e-008,5.02041e-007,2.29068e-014
6.61224e-008,5.08163e-007,2.35562e-014
6.61224e-008,5.14286e-007,2.41126e-014
6.61224e-008,5.20408e-007,2.48282e-014
6.61224e-008,5.26531e-007,2.5245e-014
6.61224e-008,5.32653e-007,2.59956e-014
6.61224e-008,5.38776e-007,2.65749e-014
6.61224e-008,5.44898e-007,2.69559e-014
6.61224e-008,5.5102e-007,2.78608e-014
6.61224e-008,5.57143e-007,2.85865e-014
6.61224e-008,5.63265e-007,2.91218e-014
6.61224e-008,5.69388e-007,2.97375e-014
6.61224e-008,5.7551e-007,3.03347e-014
6.61224e-008,5.81633e-007,3.09086e-014
6.61224e-008,5.87755e-007,3.17494e-014
6.61224e-008,5.93878e-007,3.24606e-014
6.61224e-008,6e-007,3.30305e-014
6.69388e-008,3e-007,3.77323e-015
6.69388e-008,3.06122e-007,4.27512e-015
6.69388e-008,3.12245e-007,4.6685e-015
6.69388e-008,3.18367e-007,5.02556e-015
6.69388e-008,3.2449e-007,5.65254e-015
6.69388e-008,3.30612e-007,6.1721e-015
6.69388e-008,3.36735e-007,6.66425e-015
6.69388e-008,3.42857e-007,7.25041e-015
6.69388e-008,3.4898e-007,7.7523e-015
6.69388e-008,3.55102e-007,8.18204e-015
6.69388e-008,3.61224e-007,8.85383e-015
6.69388e-008,3.67347e-007,9.66147e-015
6.69388e-008,3.73469e-007,1.01156e-014
6.69388e-008,3.79592e-007,1.07185e-014
6.69388e-008,3.85714e-007,1.11617e-014
6.69388e-008,3.91837e-007,1.17173e-014
6.69388e-008,3.97959e-007,1.26722e-014
6.69388e-008,4.04082e-007,1.32814e-014
6.69388e-008,4.10204e-007,1.38324e-014
6.69388e-008,4.16327e-007,1.45631e-014
6.69388e-008,4.22449e-007,1.49189e-014
6.69388e-008,4.28571e-007,1.56954e-014
6.69388e-008,4.34694e-007,1.63451e-014
6.69388e-008,4.40816e-007,1.69667e-014
6.69388e-008,4.46939e-007,1.74863e-014
6.69388e-008,4.53061e-007,1.81924e-014
6.69388e-008,4.59184e-007,1.87842e-014
6.69388e-008,4.65306e-007,1.93136e-014
6.69388e-008,4.71429e-007,1.99901e-014
6.69388e-008,4.77551e-007,2.06824e-014
6.69388e-008,4.83673e-007,2.14202e-014
6.69388e-008,4.89796e-007,2.18082e-014
6.69388e-008,4.95918e-007,2.24382e-014
6.69388e-008,5.02041e-007,2.30149e-014
6.69388e-008,5.08163e-007,2.3659e-014
6.69388e-008,5.14286e-007,2.42068e-014
6.69388e-008,5.20408e-007,2.49237e-014
6.69388e-008,5.26531e-007,2.53347e-014
6.69388e-008,5.32653e-007,2.60845e-014
6.69388e-008,5.38776e-007,2.66596e-014
6.69388e-008,5.44898e-007,2.70389e-014
6.69388e-008,5.5102e-007,2.79476e-014
6.69388e-008,5.57143e-007,2.86703e-014
6.69388e-008,5.63265e-007,2.92116e-014
6.69388e-008,5.69388e-007,2.98279e-014
6.69388e-008,5.7551e-007,3.04335e-014
6.69388e-008,5.81633e-007,3.10081e-014
6.69388e-008,5.87755e-007,3.18581e-014
6.69388e-008,5.93878e-007,3.25774e-014
6.69388e-008,6e-007,3.3155e-014
6.77551e-008,3e-007,3.93838e-015
6.77551e-008,3.06122e-007,4.45315e-015
6.77551e-008,3.12245e-007,4.85427e-015
6.77551e-008,3.18367e-007,5.22073e-015
6.77551e-008,3.2449e-007,5.86085e-015
6.77551e-008,3.30612e-007,6.38822e-015
6.77551e-008,3.36735e-007,6.89176e-015
6.77551e-008,3.42857e-007,7.4774e-015
6.77551e-008,3.4898e-007,7.98938e-015
6.77551e-008,3.55102e-007,8.42277e-015
6.77551e-008,3.61224e-007,9.09348e-015
6.77551e-008,3.67347e-007,9.90806e-015
6.77551e-008,3.73469e-007,1.03579e-014
6.77551e-008,3.79592e-007,1.09619e-014
6.77551e-008,3.85714e-007,1.14037e-014
6.77551e-008,3.91837e-007,1.1951e-014
6.77551e-008,3.97959e-007,1.29035e-014
6.77551e-008,4.04082e-007,1.35099e-014
6.77551e-008,4.10204e-007,1.40487e-014
6.77551e-008,4.16327e-007,1.47774e-014
6.77551e-008,4.22449e-007,1.51196e-014
6.77551e-008,4.28571e-007,1.58846e-014
6.77551e-008,4.34694e-007,1.65288e-014
6.77551e-008,4.40816e-007,1.71369e-014
6.77551e-008,4.46939e-007,1.76508e-014
6.77551e-008,4.53061e-007,1.83478e-014
6.77551e-008,4.59184e-007,1.89268e-014
6.77551e-008,4.65306e-007,1.94497e-014
6.77551e-008,4.71429e-007,2.01123e-014
6.77551e-008,4.77551e-007,2.07968e-014
6.77551e-008,4.83673e-007,2.15198e-014
6.77551e-008,4.89796e-007,2.19045e-014
6.77551e-008,4.95918e-007,2.25284e-014
6.77551e-008,5.02041e-007,2.30937e-014
6.77551e-008,5.08163e-007,2.37336e-014
6.77551e-008,5.14286e-007,2.42756e-014
6.77551e-008,5.20408e-007,2.50003e-014
6.77551e-008,5.26531e-007,2.54012e-014
6.77551e-008,5.32653e-007,2.61563e-014
6.77551e-008,5.38776e-007,2.67181e-014
6.77551e-008,5.44898e-007,2.70985e-014
6.77551e-008,5.5102e-007,2.80114e-014
6.77551e-008,5.57143e-007,2.87429e-014
6.77551e-008,5.63265e-007,2.928e-014
6.77551e-008,5.69388e-007,2.99182e-014
6.77551e-008,5.7551e-007,3.05163e-014
6.77551e-008,5.81633e-007,3.11e-014
6.77551e-008,5.87755e-007,3.19619e-014
6.77551e-008,5.93878e-007,3.26892e-014
6.77551e-008,6e-007,3.32752e-014
6.85714e-008,3e-007,4.09845e-015
6.85714e-008,3.06122e-007,4.6259e-015
6.85714e-008,3.12245e-007,5.03498e-015
6.85714e-008,3.18367e-007,5.40893e-015
6.85714e-008,3.2449e-007,6.06111e-015
6.85714e-008,3.30612e-007,6.59501e-015
6.85714e-008,3.36735e-007,7.10878e-015
6.85714e-008,3.42857e-007,7.69018e-015
6.85714e-008,3.4898e-007,8.2112e-015
6.85714e-008,3.55102e-007,8.64541e-015
6.85714e-008,3.61224e-007,9.31552e-015
6.85714e-008,3.67347e-007,1.01326e-014
6.85714e-008,3.73469e-007,1.05765e-014
6.85714e-008,3.79592e-007,1.11813e-014
6.85714e-008,3.85714e-007,1.1619e-014
6.85714e-008,3.91837e-007,1.21547e-014
6.85714e-008,3.97959e-007,1.31104e-014
6.85714e-008,4.04082e-007,1.37072e-014
6.85714e-008,4.10204e-007,1.42365e-014
6.85714e-008,4.16327e-007,1.49534e-014
6.85714e-008,4.22449e-007,1.52894e-014
6.85714e-008,4.28571e-007,1.60408e-014
6.85714e-008,4.34694e-007,1.66815e-014
6.85714e-008,4.40816e-007,1.72769e-014
6.85714e-008,4.46939e-007,1.77803e-014
6.85714e-008,4.53061e-007,1.84712e-014
6.85714e-008,4.59184e-007,1.90357e-014
6.85714e-008,4.65306e-007,1.95496e-014
6.85714e-008,4.71429e-007,2.01984e-014
6.85714e-008,4.77551e-007,2.08801e-014
6.85714e-008,4.83673e-007,2.15955e-014
6.85714e-008,4.89796e-007,2.19663e-014
6.85714e-008,4.95918e-007,2.25854e-014
6.85714e-008,5.02041e-007,2.31506e-014
6.85714e-008,5.08163e-007,2.37832e-014
6.85714e-008,5.14286e-007,2.43224e-014
6.85714e-008,5.20408e-007,2.50422e-014
6.85714e-008,5.26531e-007,2.54402e-014
6.85714e-008,5.32653e-007,2.61945e-014
6.85714e-008,5.38776e-007,2.67529e-014
6.85714e-008,5.44898e-007,2.71402e-014
6.85714e-008,5.5102e-007,2.80503e-014
6.85714e-008,5.57143e-007,2.87937e-014
6.85714e-008,5.63265e-007,2.93326e-014
6.85714e-008,5.69388e-007,2.99871e-014
6.85714e-008,5.7551e-007,3.05756e-014
6.85714e-008,5.81633e-007,3.11723e-014
6.85714e-008,5.87755e-007,3.20372e-014
6.85714e-008,5.93878e-007,3.27809e-014
6.85714e-008,6e-007,3.33793e-014
6.93878e-008,3e-007,4.25098e-015
6.93878e-008,3.06122e-007,4.79168e-015
6.93878e-008,3.12245e-007,5.20506e-015
6.93878e-008,3.18367e-007,5.58752e-015
6.93878e-008,3.2449e-007,6.24877e-015
6.93878e-008,3.30612e-007,6.78912e-015
6.93878e-008,3.36735e-007,7.30997e-015
6.93878e-008,3.42857e-007,7.88286e-015
6.93878e-008,3.4898e-007,8.41428e-015
6.93878e-008,3.55102e-007,8.849e-015
6.93878e-008,3.61224e-007,9.51084e-015
6.93878e-008,3.67347e-007,1.03343e-014
6.93878e-008,3.73469e-007,1.07695e-014
6.93878e-008,3.79592e-007,1.13718e-014
6.93878e-008,3.85714e-007,1.18077e-014
6.93878e-008,3.91837e-007,1.23282e-014
6.93878e-008,3.97959e-007,1.32848e-014
6.93878e-008,4.04082e-007,1.38663e-014
6.93878e-008,4.10204e-007,1.43901e-014
6.93878e-008,4.16327e-007,1.50897e-014
6.93878e-008,4.22449e-007,1.54216e-014
6.93878e-008,4.28571e-007,1.61605e-014
6.93878e-008,4.34694e-007,1.68017e-014
6.93878e-008,4.40816e-007,1.73815e-014
6.93878e-008,4.46939e-007,1.78702e-014
6.93878e-008,4.53061e-007,1.85492e-014
6.93878e-008,4.59184e-007,1.91113e-014
6.93878e-008,4.65306e-007,1.96159e-014
6.93878e-008,4.71429e-007,2.0255e-014
6.93878e-008,4.77551e-007,2.09268e-014
6.93878e-008,4.83673e-007,2.16412e-014
6.93878e-008,4.89796e-007,2.2003e-014
6.93878e-008,4.95918e-007,2.26144e-014
6.93878e-008,5.02041e-007,2.31807e-014
6.93878e-008,5.08163e-007,2.38066e-014
6.93878e-008,5.14286e-007,2.43426e-014
6.93878e-008,5.20408e-007,2.50495e-014
6.93878e-008,5.26531e-007,2.54548e-014
6.93878e-008,5.32653e-007,2.62005e-014
6.93878e-008,5.38776e-007,2.67694e-014
6.93878e-008,5.44898e-007,2.71608e-014
6.93878e-008,5.5102e-007,2.80705e-014
6.93878e-008,5.57143e-007,2.88201e-014
6.93878e-008,5.63265e-007,2.93723e-014
6.93878e-008,5.69388e-007,3.00206e-014
6.93878e-008,5.7551e-007,3.06241e-014
6.93878e-008,5.81633e-007,3.12259e-014
6.93878e-008,5.87755e-007,3.21115e-014
6.93878e-008,5.93878e-007,3.28533e-014
6.93878e-008,6e-007,3.34641e-014
7.02041e-008,3e-007,4.39578e-015
7.02041e-008,3.06122e-007,4.94795e-015
7.02041e-008,3.12245e-007,5.36137e-015
7.02041e-008,3.18367e-007,5.75245e-015
7.02041e-008,3.2449e-007,6.41957e-015
7.02041e-008,3.30612e-007,6.96363e-015
7.02041e-008,3.36735e-007,7.49047e-015
7.02041e-008,3.42857e-007,8.05322e-015
7.02041e-008,3.4898e-007,8.59423e-015
7.02041e-008,3.55102e-007,9.03013e-015
7.02041e-008,3.61224e-007,9.6779e-015
7.02041e-008,3.67347e-007,1.05082e-014
7.02041e-008,3.73469e-007,1.09317e-014
7.02041e-008,3.79592e-007,1.15307e-014
7.02041e-008,3.85714e-007,1.19651e-014
7.02041e-008,3.91837e-007,1.24717e-014
7.02041e-008,3.97959e-007,1.34198e-014
7.02041e-008,4.04082e-007,1.39888e-014
7.02041e-008,4.10204e-007,1.45047e-014
7.02041e-008,4.16327e-007,1.51934e-014
7.02041e-008,4.22449e-007,1.5517e-014
7.02041e-008,4.28571e-007,1.62432e-014
7.02041e-008,4.34694e-007,1.68805e-014
7.02041e-008,4.40816e-007,1.74445e-014
7.02041e-008,4.46939e-007,1.79243e-014
7.02041e-008,4.53061e-007,1.85876e-014
7.02041e-008,4.59184e-007,1.91502e-014
7.02041e-008,4.65306e-007,1.96486e-014
7.02041e-008,4.71429e-007,2.02804e-014
7.02041e-008,4.77551e-007,2.0937e-014
7.02041e-008,4.83673e-007,2.16464e-014
7.02041e-008,4.89796e-007,2.20078e-014
7.02041e-008,4.95918e-007,2.2612e-014
7.02041e-008,5.02041e-007,2.3172e-014
7.02041e-008,5.08163e-007,2.37958e-014
7.02041e-008,5.14286e-007,2.43275e-014
7.02041e-008,5.20408e-007,2.50342e-014
7.02041e-008,5.26531e-007,2.54419e-014
7.02041e-008,5.32653e-007,2.61868e-014
7.02041e-008,5.38776e-007,2.67655e-014
7.02041e-008,5.44898e-007,2.7149e-014
7.02041e-008,5.5102e-007,2.80735e-014
7.02041e-008,5.57143e-007,2.88258e-014
7.02041e-008,5.63265e-007,2.9382e-014
7.02041e-008,5.69388e-007,3.00237e-014
7.02041e-008,5.7551e-007,3.06549e-014
7.02041e-008,5.81633e-007,3.12619e-014
7.02041e-008,5.87755e-007,3.2157e-014
7.02041e-008,5.93878e-007,3.29103e-014
7.02041e-008,6e-007,3.35298e-014
7.10204e-008,3e-007,4.53052e-015
7.10204e-008,3.06122e-007,5.09062e-015
7.10204e-008,3.12245e-007,5.50329e-015
7.10204e-008,3.18367e-007,5.90063e-015
7.10204e-008,3.2449e-007,6.57152e-015
7.10204e-008,3.30612e-007,7.11565e-015
7.10204e-008,3.36735e-007,7.64792e-015
7.10204e-008,3.42857e-007,8.20042e-015
7.10204e-008,3.4898e-007,8.74701e-015
7.10204e-008,3.55102e-007,9.18247e-015
7.10204e-008,3.61224e-007,9.81931e-015
7.10204e-008,3.67347e-007,1.06477e-014
7.10204e-008,3.73469e-007,1.106e-014
7.10204e-008,3.79592e-007,1.16563e-014
7.10204e-008,3.85714e-007,1.20852e-014
7.10204e-008,3.91837e-007,1.258e-014
7.10204e-008,3.97959e-007,1.35178e-014
7.10204e-008,4.04082e-007,1.40786e-014
7.10204e-008,4.10204e-007,1.45816e-014
7.10204e-008,4.16327e-007,1.52656e-014
7.10204e-008,4.22449e-007,1.55768e-014
7.10204e-008,4.28571e-007,1.62892e-014
7.10204e-008,4.34694e-007,1.69181e-014
7.10204e-008,4.40816e-007,1.74702e-014
7.10204e-008,4.46939e-007,1.79442e-014
7.10204e-008,4.53061e-007,1.85983e-014
7.10204e-008,4.59184e-007,1.91495e-014
7.10204e-008,4.65306e-007,1.96437e-014
7.10204e-008,4.71429e-007,2.02664e-014
7.10204e-008,4.77551e-007,2.09151e-014
7.10204e-008,4.83673e-007,2.16107e-014
7.10204e-008,4.89796e-007,2.19711e-014
7.10204e-008,4.95918e-007,2.25724e-014
7.10204e-008,5.02041e-007,2.31259e-014
7.10204e-008,5.08163e-007,2.37497e-014
7.10204e-008,5.14286e-007,2.42792e-014
7.10204e-008,5.20408e-007,2.49983e-014
7.10204e-008,5.26531e-007,2.53971e-014
7.10204e-008,5.32653e-007,2.61544e-014
7.10204e-008,5.38776e-007,2.67325e-014
7.10204e-008,5.44898e-007,2.71133e-014
7.10204e-008,5.5102e-007,2.80515e-014
7.10204e-008,5.57143e-007,2.88086e-014
7.10204e-008,5.63265e-007,2.93618e-014
7.10204e-008,5.69388e-007,3.00103e-014
7.10204e-008,5.7551e-007,3.06492e-014
7.10204e-008,5.81633e-007,3.12694e-014
7.10204e-008,5.87755e-007,3.21661e-014
7.10204e-008,5.93878e-007,3.29407e-014
7.10204e-008,6e-007,3.35687e-014
7.18367e-008,3e-007,4.65057e-015
7.18367e-008,3.06122e-007,5.21594e-015
7.18367e-008,3.12245e-007,5.62931e-015
7.18367e-008,3.18367e-007,6.03145e-015
7.18367e-008,3.2449e-007,6.70299e-015
7.18367e-008,3.30612e-007,7.24701e-015
7.18367e-008,3.36735e-007,7.78165e-015
7.18367e-008,3.42857e-007,8.32253e-015
7.18367e-008,3.4898e-007,8.8718e-015
7.18367e-008,3.55102e-007,9.30384e-015
7.18367e-008,3.61224e-007,9.93303e-015
7.18367e-008,3.67347e-007,1.07527e-014
7.18367e-008,3.73469e-007,1.11576e-014
7.18367e-008,3.79592e-007,1.17487e-014
7.18367e-008,3.85714e-007,1.21703e-014
7.18367e-008,3.91837e-007,1.2652e-014
7.18367e-008,3.97959e-007,1.35842e-014
7.18367e-008,4.04082e-007,1.41346e-014
7.18367e-008,4.10204e-007,1.46251e-014
7.18367e-008,4.16327e-007,1.52996e-014
7.18367e-008,4.22449e-007,1.56001e-014
7.18367e-008,4.28571e-007,1.62997e-014
7.18367e-008,4.34694e-007,1.69241e-014
7.18367e-008,4.40816e-007,1.74648e-014
7.18367e-008,4.46939e-007,1.79277e-014
7.18367e-008,4.53061e-007,1.85779e-014
7.18367e-008,4.59184e-007,1.91136e-014
7.18367e-008,4.65306e-007,1.96019e-014
7.18367e-008,4.71429e-007,2.02147e-014
7.18367e-008,4.77551e-007,2.08617e-014
7.18367e-008,4.83673e-007,2.15458e-014
7.18367e-008,4.89796e-007,2.19035e-014
7.18367e-008,4.95918e-007,2.25022e-014
7.18367e-008,5.02041e-007,2.30568e-014
7.18367e-008,5.08163e-007,2.36774e-014
7.18367e-008,5.14286e-007,2.42075e-014
7.18367e-008,5.20408e-007,2.49316e-014
7.18367e-008,5.26531e-007,2.53269e-014
7.18367e-008,5.32653e-007,2.60913e-014
7.18367e-008,5.38776e-007,2.66661e-014
7.18367e-008,5.44898e-007,2.70571e-014
7.18367e-008,5.5102e-007,2.79966e-014
7.18367e-008,5.57143e-007,2.87619e-014
7.18367e-008,5.63265e-007,2.93248e-014
7.18367e-008,5.69388e-007,2.99856e-014
7.18367e-008,5.7551e-007,3.06157e-014
7.18367e-008,5.81633e-007,3.12456e-014
7.18367e-008,5.87755e-007,3.21668e-014
7.18367e-008,5.93878e-007,3.29335e-014
7.18367e-008,6e-007,3.35726e-014
7.26531e-008,3e-007,4.75409e-015
7.26531e-008,3.06122e-007,5.32318e-015
7.26531e-008,3.12245e-007,5.73727e-015
7.26531e-008,3.18367e-007,6.14346e-015
7.26531e-008,3.2449e-007,6.81329e-015
7.26531e-008,3.30612e-007,7.35748e-015
7.26531e-008,3.36735e-007,7.89154e-015
7.26531e-008,3.42857e-007,8.41955e-015
7.26531e-008,3.4898e-007,8.97131e-015
7.26531e-008,3.55102e-007,9.3991e-015
7.26531e-008,3.61224e-007,1.00166e-014
7.26531e-008,3.67347e-007,1.083e-014
7.26531e-008,3.73469e-007,1.1227e-014
7.26531e-008,3.79592e-007,1.1811e-014
7.26531e-008,3.85714e-007,1.22283e-014
7.26531e-008,3.91837e-007,1.26961e-014
7.26531e-008,3.97959e-007,1.36199e-014
7.26531e-008,4.04082e-007,1.41555e-014
7.26531e-008,4.10204e-007,1.46384e-014
7.26531e-008,4.16327e-007,1.52955e-014
7.26531e-008,4.22449e-007,1.5593e-014
7.26531e-008,4.28571e-007,1.62805e-014
7.26531e-008,4.34694e-007,1.6901e-014
7.26531e-008,4.40816e-007,1.74292e-014
7.26531e-008,4.46939e-007,1.78802e-014
7.26531e-008,4.53061e-007,1.85201e-014
7.26531e-008,4.59184e-007,1.90521e-014
7.26531e-008,4.65306e-007,1.95327e-014
7.26531e-008,4.71429e-007,2.01386e-014
7.26531e-008,4.77551e-007,2.0779e-014
7.26531e-008,4.83673e-007,2.14629e-014
7.26531e-008,4.89796e-007,2.18189e-014
7.26531e-008,4.95918e-007,2.24122e-014
7.26531e-008,5.02041e-007,2.29702e-014
7.26531e-008,5.08163e-007,2.35865e-014
7.26531e-008,5.14286e-007,2.41168e-014
7.26531e-008,5.20408e-007,2.48322e-014
7.26531e-008,5.26531e-007,2.52374e-014
7.26531e-008,5.32653e-007,2.59953e-014
7.26531e-008,5.38776e-007,2.65741e-014
7.26531e-008,5.44898e-007,2.69719e-014
7.26531e-008,5.5102e-007,2.79129e-014
7.26531e-008,5.57143e-007,2.8689e-014
7.26531e-008,5.63265e-007,2.92634e-014
7.26531e-008,5.69388e-007,2.994e-014
7.26531e-008,5.7551e-007,3.05694e-014
7.26531e-008,5.81633e-007,3.12008e-014
7.26531e-008,5.87755e-007,3.21257e-014
7.26531e-008,5.93878e-007,3.28978e-014
7.26531e-008,6e-007,3.35457e-014
7.34694e-008,3e-007,4.8446e-015
7.34694e-008,3.06122e-007,5.4155e-015
7.34694e-008,3.12245e-007,5.82874e-015
7.34694e-008,3.18367e-007,6.23898e-015
7.34694e-008,3.2449e-007,6.90561e-015
7.34694e-008,3.30612e-007,7.44677e-015
7.34694e-008,3.36735e-007,7.97973e-015
7.34694e-008,3.42857e-007,8.49682e-015
7.34694e-008,3.4898e-007,9.04979e-015
7.34694e-008,3.55102e-007,9.47476e-015
7.34694e-008,3.61224e-007,1.00768e-014
7.34694e-008,3.67347e-007,1.08859e-014
7.34694e-008,3.73469e-007,1.12713e-014
7.34694e-008,3.79592e-007,1.18495e-014
7.34694e-008,3.85714e-007,1.22626e-014
7.34694e-008,3.91837e-007,1.27205e-014
7.34694e-008,3.97959e-007,1.36272e-014
7.34694e-008,4.04082e-007,1.41493e-014
7.34694e-008,4.10204e-007,1.46264e-014
7.34694e-008,4.16327e-007,1.52678e-014
7.34694e-008,4.22449e-007,1.55655e-014
7.34694e-008,4.28571e-007,1.62407e-014
7.34694e-008,4.34694e-007,1.68504e-014
7.34694e-008,4.40816e-007,1.73687e-014
7.34694e-008,4.46939e-007,1.78153e-014
7.34694e-008,4.53061e-007,1.84395e-014
7.34694e-008,4.59184e-007,1.89724e-014
7.34694e-008,4.65306e-007,1.94473e-014
7.34694e-008,4.71429e-007,2.005e-014
7.34694e-008,4.77551e-007,2.06786e-014
7.34694e-008,4.83673e-007,2.13641e-014
7.34694e-008,4.89796e-007,2.17161e-014
7.34694e-008,4.95918e-007,2.23051e-014
7.34694e-008,5.02041e-007,2.28615e-014
7.34694e-008,5.08163e-007,2.34776e-014
7.34694e-008,5.14286e-007,2.40062e-014
7.34694e-008,5.20408e-007,2.47172e-014
7.34694e-008,5.26531e-007,2.51296e-014
7.34694e-008,5.32653e-007,2.58842e-014
7.34694e-008,5.38776e-007,2.64715e-014
7.34694e-008,5.44898e-007,2.68715e-014
7.34694e-008,5.5102e-007,2.78159e-014
7.34694e-008,5.57143e-007,2.86024e-014
7.34694e-008,5.63265e-007,2.91747e-014
7.34694e-008,5.69388e-007,2.98635e-014
7.34694e-008,5.7551e-007,3.05012e-014
7.34694e-008,5.81633e-007,3.11389e-014
7.34694e-008,5.87755e-007,3.20601e-014
7.34694e-008,5.93878e-007,3.28473e-014
7.34694e-008,6e-007,3.34991e-014
7.42857e-008,3e-007,4.92753e-015
7.42857e-008,3.06122e-007,5.49854e-015
7.42857e-008,3.12245e-007,5.91025e-015
7.42857e-008,3.18367e-007,6.32311e-015
7.42857e-008,3.2449e-007,6.9857e-015
7.42857e-008,3.30612e-007,7.5223e-015
7.42857e-008,3.36735e-007,8.05299e-015
7.42857e-008,3.42857e-007,8.56296e-015
7.42857e-008,3.4898e-007,9.11317e-015
7.42857e-008,3.55102e-007,9.53548e-015
7.42857e-008,3.61224e-007,1.01269e-014
7.42857e-008,3.67347e-007,1.09255e-014
7.42857e-008,3.73469e-007,1.13022e-014
7.42857e-008,3.79592e-007,1.18733e-014
7.42857e-008,3.85714e-007,1.22785e-014
7.42857e-008,3.91837e-007,1.27301e-014
7.42857e-008,3.97959e-007,1.36189e-014
7.42857e-008,4.04082e-007,1.41327e-014
7.42857e-008,4.10204e-007,1.46011e-014
7.42857e-008,4.16327e-007,1.52353e-014
7.42857e-008,4.22449e-007,1.55258e-014
7.42857e-008,4.28571e-007,1.619e-014
7.42857e-008,4.34694e-007,1.67874e-014
7.42857e-008,4.40816e-007,1.73001e-014
7.42857e-008,4.46939e-007,1.77434e-014
7.42857e-008,4.53061e-007,1.83594e-014
7.42857e-008,4.59184e-007,1.8882e-014
7.42857e-008,4.65306e-007,1.93538e-014
7.42857e-008,4.71429e-007,1.99531e-014
7.42857e-008,4.77551e-007,2.05744e-014
7.42857e-008,4.83673e-007,2.12519e-014
7.42857e-008,4.89796e-007,2.15988e-014
7.42857e-008,4.95918e-007,2.21875e-014
7.42857e-008,5.02041e-007,2.27388e-014
7.42857e-008,5.08163e-007,2.33572e-014
7.42857e-008,5.14286e-007,2.38849e-014
7.42857e-008,5.20408e-007,2.46073e-014
7.42857e-008,5.26531e-007,2.50155e-014
7.42857e-008,5.32653e-007,2.57788e-014
7.42857e-008,5.38776e-007,2.63701e-014
7.42857e-008,5.44898e-007,2.67729e-014
7.42857e-008,5.5102e-007,2.77207e-014
7.42857e-008,5.57143e-007,2.85117e-014
7.42857e-008,5.63265e-007,2.90843e-014
7.42857e-008,5.69388e-007,2.97648e-014
7.42857e-008,5.7551e-007,3.04121e-014
7.42857e-008,5.81633e-007,3.1061e-014
7.42857e-008,5.87755e-007,3.20007e-014
7.42857e-008,5.93878e-007,3.27829e-014
7.42857e-008,6e-007,3.34387e-014
7.5102e-008,3e-007,5.00722e-015
7.5102e-008,3.06122e-007,5.57885e-015
7.5102e-008,3.12245e-007,5.98989e-015
7.5102e-008,3.18367e-007,6.402e-015
7.5102e-008,3.2449e-007,7.06132e-015
7.5102e-008,3.30612e-007,7.59641e-015
7.5102e-008,3.36735e-007,8.12229e-015
7.5102e-008,3.42857e-007,8.62739e-015
7.5102e-008,3.4898e-007,9.17182e-015
7.5102e-008,3.55102e-007,9.5895e-015
7.5102e-008,3.61224e-007,1.01771e-014
7.5102e-008,3.67347e-007,1.09594e-014
7.5102e-008,3.73469e-007,1.13343e-014
7.5102e-008,3.79592e-007,1.18961e-014
7.5102e-008,3.85714e-007,1.2293e-014
7.5102e-008,3.91837e-007,1.27377e-014
7.5102e-008,3.97959e-007,1.36146e-014
7.5102e-008,4.04082e-007,1.41223e-014
7.5102e-008,4.10204e-007,1.45803e-014
7.5102e-008,4.16327e-007,1.52092e-014
7.5102e-008,4.22449e-007,1.54894e-014
7.5102e-008,4.28571e-007,1.61433e-014
7.5102e-008,4.34694e-007,1.6733e-014
7.5102e-008,4.40816e-007,1.72404e-014
7.5102e-008,4.46939e-007,1.76749e-014
7.5102e-008,4.53061e-007,1.82902e-014
7.5102e-008,4.59184e-007,1.87962e-014
7.5102e-008,4.65306e-007,1.92638e-014
7.5102e-008,4.71429e-007,1.98578e-014
7.5102e-008,4.77551e-007,2.04774e-014
7.5102e-008,4.83673e-007,2.11426e-014
7.5102e-008,4.89796e-007,2.1493e-014
7.5102e-008,4.95918e-007,2.20812e-014
7.5102e-008,5.02041e-007,2.263e-014
7.5102e-008,5.08163e-007,2.32477e-014
7.5102e-008,5.14286e-007,2.37766e-014
7.5102e-008,5.20408e-007,2.45111e-014
7.5102e-008,5.26531e-007,2.49164e-014
7.5102e-008,5.32653e-007,2.56871e-014
7.5102e-008,5.38776e-007,2.62775e-014
7.5102e-008,5.44898e-007,2.6678e-014
7.5102e-008,5.5102e-007,2.76367e-014
7.5102e-008,5.57143e-007,2.84256e-014
7.5102e-008,5.63265e-007,2.90083e-014
7.5102e-008,5.69388e-007,2.96746e-014
7.5102e-008,5.7551e-007,3.03374e-014
7.5102e-008,5.81633e-007,3.09893e-014
7.5102e-008,5.87755e-007,3.1925e-014
7.5102e-008,5.93878e-007,3.27133e-014
7.5102e-008,6e-007,3.33757e-014
7.59184e-008,3e-007,5.08994e-015
7.59184e-008,3.06122e-007,5.66451e-015
7.59184e-008,3.12245e-007,6.07628e-015
7.59184e-008,3.18367e-007,6.48802e-015
7.59184e-008,3.2449e-007,7.14521e-015
7.59184e-008,3.30612e-007,7.67995e-015
7.59184e-008,3.36735e-007,8.20114e-015
7.59184e-008,3.42857e-007,8.703e-015
7.59184e-008,3.4898e-007,9.24201e-015
7.59184e-008,3.55102e-007,9.65434e-015
7.59184e-008,3.61224e-007,1.02381e-014
7.59184e-008,3.67347e-007,1.10081e-014
7.59184e-008,3.73469e-007,1.13814e-014
7.59184e-008,3.79592e-007,1.19356e-014
7.59184e-008,3.85714e-007,1.23282e-014
7.59184e-008,3.91837e-007,1.27666e-014
7.59184e-008,3.97959e-007,1.36308e-014
7.59184e-008,4.04082e-007,1.41314e-014
7.59184e-008,4.10204e-007,1.45822e-014
7.59184e-008,4.16327e-007,1.51992e-014
7.59184e-008,4.22449e-007,1.54779e-014
7.59184e-008,4.28571e-007,1.61217e-014
7.59184e-008,4.34694e-007,1.67012e-014
7.59184e-008,4.40816e-007,1.7203e-014
7.59184e-008,4.46939e-007,1.76315e-014
7.59184e-008,4.53061e-007,1.82386e-014
7.59184e-008,4.59184e-007,1.8739e-014
7.59184e-008,4.65306e-007,1.91995e-014
7.59184e-008,4.71429e-007,1.97892e-014
7.59184e-008,4.77551e-007,2.04063e-014
7.59184e-008,4.83673e-007,2.10657e-014
7.59184e-008,4.89796e-007,2.14249e-014
7.59184e-008,4.95918e-007,2.20102e-014
7.59184e-008,5.02041e-007,2.25606e-014
7.59184e-008,5.08163e-007,2.31754e-014
7.59184e-008,5.14286e-007,2.37051e-014
7.59184e-008,5.20408e-007,2.44371e-014
7.59184e-008,5.26531e-007,2.48493e-014
7.59184e-008,5.32653e-007,2.56173e-014
7.59184e-008,5.38776e-007,2.62078e-014
7.59184e-008,5.44898e-007,2.66134e-014
7.59184e-008,5.5102e-007,2.75763e-014
7.59184e-008,5.57143e-007,2.83675e-014
7.59184e-008,5.63265e-007,2.89535e-014
7.59184e-008,5.69388e-007,2.963e-014
7.59184e-008,5.7551e-007,3.03043e-014
7.59184e-008,5.81633e-007,3.09559e-014
7.59184e-008,5.87755e-007,3.18869e-014
7.59184e-008,5.93878e-007,3.26754e-014
7.59184e-008,6e-007,3.33421e-014
7.67347e-008,3e-007,5.18855e-015
7.67347e-008,3.06122e-007,5.76743e-015
7.67347e-008,3.12245e-007,6.18233e-015
7.67347e-008,3.18367e-007,6.59517e-015
7.67347e-008,3.2449e-007,7.25389e-015
7.67347e-008,3.30612e-007,7.78685e-015
7.67347e-008,3.36735e-007,8.30586e-015
7.67347e-008,3.42857e-007,8.80873e-015
7.67347e-008,3.4898e-007,9.34328e-015
7.67347e-008,3.55102e-007,9.75266e-015
7.67347e-008,3.61224e-007,1.03311e-014
7.67347e-008,3.67347e-007,1.10955e-014
7.67347e-008,3.73469e-007,1.14646e-014
7.67347e-008,3.79592e-007,1.20119e-014
7.67347e-008,3.85714e-007,1.2401e-014
7.67347e-008,3.91837e-007,1.28375e-014
7.67347e-008,3.97959e-007,1.36838e-014
7.67347e-008,4.04082e-007,1.41778e-014
7.67347e-008,4.10204e-007,1.46256e-014
7.67347e-008,4.16327e-007,1.52274e-014
7.67347e-008,4.22449e-007,1.55105e-014
7.67347e-008,4.28571e-007,1.61461e-014
7.67347e-008,4.34694e-007,1.67101e-014
7.67347e-008,4.40816e-007,1.72104e-014
7.67347e-008,4.46939e-007,1.76408e-014
7.67347e-008,4.53061e-007,1.82323e-014
7.67347e-008,4.59184e-007,1.87347e-014
7.67347e-008,4.65306e-007,1.91882e-014
7.67347e-008,4.71429e-007,1.97777e-014
7.67347e-008,4.77551e-007,2.03902e-014
7.67347e-008,4.83673e-007,2.10496e-014
7.67347e-008,4.89796e-007,2.1406e-014
7.67347e-008,4.95918e-007,2.19914e-014
7.67347e-008,5.02041e-007,2.25426e-014
7.67347e-008,5.08163e-007,2.31583e-014
7.67347e-008,5.14286e-007,2.36865e-014
7.67347e-008,5.20408e-007,2.44133e-014
7.67347e-008,5.26531e-007,2.48352e-014
7.67347e-008,5.32653e-007,2.55985e-014
7.67347e-008,5.38776e-007,2.61905e-014
7.67347e-008,5.44898e-007,2.66164e-014
7.67347e-008,5.5102e-007,2.75675e-014
7.67347e-008,5.57143e-007,2.83739e-014
7.67347e-008,5.63265e-007,2.89586e-014
7.67347e-008,5.69388e-007,2.96582e-014
7.67347e-008,5.7551e-007,3.03217e-014
7.67347e-008,5.81633e-007,3.09831e-014
7.67347e-008,5.87755e-007,3.1924e-014
7.67347e-008,5.93878e-007,3.27112e-014
7.67347e-008,6e-007,3.33786e-014
7.7551e-008,3e-007,5.32087e-015
7.7551e-008,3.06122e-007,5.90444e-015
7.7551e-008,3.12245e-007,6.32633e-015
7.7551e-008,3.18367e-007,6.73904e-015
7.7551e-008,3.2449e-007,7.40434e-015
7.7551e-008,3.30612e-007,7.93887e-015
7.7551e-008,3.36735e-007,8.4564e-015
7.7551e-008,3.42857e-007,8.96561e-015
7.7551e-008,3.4898e-007,9.49505e-015
7.7551e-008,3.55102e-007,9.90397e-015
7.7551e-008,3.61224e-007,1.04818e-014
7.7551e-008,3.67347e-007,1.12409e-014
7.7551e-008,3.73469e-007,1.16088e-014
7.7551e-008,3.79592e-007,1.21471e-014
7.7551e-008,3.85714e-007,1.25292e-014
7.7551e-008,3.91837e-007,1.29661e-014
7.7551e-008,3.97959e-007,1.37976e-014
7.7551e-008,4.04082e-007,1.42885e-014
7.7551e-008,4.10204e-007,1.47336e-014
7.7551e-008,4.16327e-007,1.53266e-014
7.7551e-008,4.22449e-007,1.56088e-014
7.7551e-008,4.28571e-007,1.62369e-014
7.7551e-008,4.34694e-007,1.67893e-014
7.7551e-008,4.40816e-007,1.72913e-014
7.7551e-008,4.46939e-007,1.7722e-014
7.7551e-008,4.53061e-007,1.83078e-014
7.7551e-008,4.59184e-007,1.88024e-014
7.7551e-008,4.65306e-007,1.92521e-014
7.7551e-008,4.71429e-007,1.98433e-014
7.7551e-008,4.77551e-007,2.04526e-014
7.7551e-008,4.83673e-007,2.11118e-014
7.7551e-008,4.89796e-007,2.14563e-014
7.7551e-008,4.95918e-007,2.20473e-014
7.7551e-008,5.02041e-007,2.25936e-014
7.7551e-008,5.08163e-007,2.32147e-014
7.7551e-008,5.14286e-007,2.37421e-014
7.7551e-008,5.20408e-007,2.44811e-014
7.7551e-008,5.26531e-007,2.4909e-014
7.7551e-008,5.32653e-007,2.56739e-014
7.7551e-008,5.38776e-007,2.62645e-014
7.7551e-008,5.44898e-007,2.67021e-014
7.7551e-008,5.5102e-007,2.7652e-014
7.7551e-008,5.57143e-007,2.84768e-014
7.7551e-008,5.63265e-007,2.90686e-014
7.7551e-008,5.69388e-007,2.97769e-014
7.7551e-008,5.7551e-007,3.04275e-014
7.7551e-008,5.81633e-007,3.11004e-014
7.7551e-008,5.87755e-007,3.2034e-014
7.7551e-008,5.93878e-007,3.28457e-014
7.7551e-008,6e-007,3.35171e-014
7.83673e-008,3e-007,5.50298e-015
7.83673e-008,3.06122e-007,6.09469e-015
7.83673e-008,3.12245e-007,6.52651e-015
7.83673e-008,3.18367e-007,6.93877e-015
7.83673e-008,3.2449e-007,7.61485e-015
7.83673e-008,3.30612e-007,8.15687e-015
7.83673e-008,3.36735e-007,8.6735e-015
7.83673e-008,3.42857e-007,9.19129e-015
7.83673e-008,3.4898e-007,9.71565e-015
7.83673e-008,3.55102e-007,1.01237e-014
7.83673e-008,3.61224e-007,1.07082e-014
7.83673e-008,3.67347e-007,1.14607e-014
7.83673e-008,3.73469e-007,1.18312e-014
7.83673e-008,3.79592e-007,1.2362e-014
7.83673e-008,3.85714e-007,1.27376e-014
7.83673e-008,3.91837e-007,1.31726e-014
7.83673e-008,3.97959e-007,1.39983e-014
7.83673e-008,4.04082e-007,1.44897e-014
7.83673e-008,4.10204e-007,1.49292e-014
7.83673e-008,4.16327e-007,1.55209e-014
7.83673e-008,4.22449e-007,1.5796e-014
7.83673e-008,4.28571e-007,1.64158e-014
7.83673e-008,4.34694e-007,1.69617e-014
7.83673e-008,4.40816e-007,1.74643e-014
7.83673e-008,4.46939e-007,1.78907e-014
7.83673e-008,4.53061e-007,1.84814e-014
7.83673e-008,4.59184e-007,1.89603e-014
7.83673e-008,4.65306e-007,1.9407e-014
7.83673e-008,4.71429e-007,1.9999e-014
7.83673e-008,4.77551e-007,2.06086e-014
7.83673e-008,4.83673e-007,2.12656e-014
7.83673e-008,4.89796e-007,2.16121e-014
7.83673e-008,4.95918e-007,2.221e-014
7.83673e-008,5.02041e-007,2.27495e-014
7.83673e-008,5.08163e-007,2.33754e-014
7.83673e-008,5.14286e-007,2.3905e-014
7.83673e-008,5.20408e-007,2.46696e-014
7.83673e-008,5.26531e-007,2.50988e-014
7.83673e-008,5.32653e-007,2.58745e-014
7.83673e-008,5.38776e-007,2.64631e-014
7.83673e-008,5.44898e-007,2.69006e-014
7.83673e-008,5.5102e-007,2.7868e-014
7.83673e-008,5.57143e-007,2.87e-014
7.83673e-008,5.63265e-007,2.92997e-014
7.83673e-008,5.69388e-007,3.0008e-014
7.83673e-008,5.7551e-007,3.06784e-014
7.83673e-008,5.81633e-007,3.13554e-014
7.83673e-008,5.87755e-007,3.22987e-014
7.83673e-008,5.93878e-007,3.31078e-014
7.83673e-008,6e-007,3.37891e-014
7.91837e-008,3e-007,5.7461e-015
7.91837e-008,3.06122e-007,6.35463e-015
7.91837e-008,3.12245e-007,6.79588e-015
7.91837e-008,3.18367e-007,7.20816e-015
7.91837e-008,3.2449e-007,7.90258e-015
7.91837e-008,3.30612e-007,8.45311e-015
7.91837e-008,3.36735e-007,8.97344e-015
7.91837e-008,3.42857e-007,9.49939e-015
7.91837e-008,3.4898e-007,1.00215e-014
7.91837e-008,3.55102e-007,1.04276e-014
7.91837e-008,3.61224e-007,1.10196e-014
7.91837e-008,3.67347e-007,1.17721e-014
7.91837e-008,3.73469e-007,1.21451e-014
7.91837e-008,3.79592e-007,1.2671e-014
7.91837e-008,3.85714e-007,1.30454e-014
7.91837e-008,3.91837e-007,1.34769e-014
7.91837e-008,3.97959e-007,1.42994e-014
7.91837e-008,4.04082e-007,1.47934e-014
7.91837e-008,4.10204e-007,1.52258e-014
7.91837e-008,4.16327e-007,1.58151e-014
7.91837e-008,4.22449e-007,1.60833e-014
7.91837e-008,4.28571e-007,1.66979e-014
7.91837e-008,4.34694e-007,1.72338e-014
7.91837e-008,4.40816e-007,1.77371e-014
7.91837e-008,4.46939e-007,1.81652e-014
7.91837e-008,4.53061e-007,1.87526e-014
7.91837e-008,4.59184e-007,1.92267e-014
7.91837e-008,4.65306e-007,1.9668e-014
7.91837e-008,4.71429e-007,2.02612e-014
7.91837e-008,4.77551e-007,2.08778e-014
7.91837e-008,4.83673e-007,2.15302e-014
7.91837e-008,4.89796e-007,2.18934e-014
7.91837e-008,4.95918e-007,2.24988e-014
7.91837e-008,5.02041e-007,2.30406e-014
7.91837e-008,5.08163e-007,2.367e-014
7.91837e-008,5.14286e-007,2.42032e-014
7.91837e-008,5.20408e-007,2.49867e-014
7.91837e-008,5.26531e-007,2.54189e-014
7.91837e-008,5.32653e-007,2.62099e-014
7.91837e-008,5.38776e-007,2.68036e-014
7.91837e-008,5.44898e-007,2.72532e-014
7.91837e-008,5.5102e-007,2.82365e-014
7.91837e-008,5.57143e-007,2.90721e-014
7.91837e-008,5.63265e-007,2.9678e-014
7.91837e-008,5.69388e-007,3.0388e-014
7.91837e-008,5.7551e-007,3.10939e-014
7.91837e-008,5.81633e-007,3.17813e-014
7.91837e-008,5.87755e-007,3.2737e-014
7.91837e-008,5.93878e-007,3.35462e-014
7.91837e-008,6e-007,3.42367e-014
8e-008,3e-007,6.05955e-015
8e-008,3.06122e-007,6.69391e-015
8e-008,3.12245e-007,7.14315e-015
8e-008,3.18367e-007,7.55728e-015
8e-008,3.2449e-007,8.27695e-015
8e-008,3.30612e-007,8.83591e-015
8e-008,3.36735e-007,9.36491e-015
8e-008,3.42857e-007,9.89927e-015
8e-008,3.4898e-007,1.04229e-014
8e-008,3.55102e-007,1.08285e-014
8e-008,3.61224e-007,1.14242e-014
8e-008,3.67347e-007,1.2187e-014
8e-008,3.73469e-007,1.25607e-014
8e-008,3.79592e-007,1.30789e-014
8e-008,3.85714e-007,1.34527e-014
8e-008,3.91837e-007,1.38821e-014
8e-008,3.97959e-007,1.46994e-014
8e-008,4.04082e-007,1.51964e-014
8e-008,4.10204e-007,1.56244e-014
8e-008,4.16327e-007,1.62046e-014
8e-008,4.22449e-007,1.64722e-014
8e-008,4.28571e-007,1.7083e-014
8e-008,4.34694e-007,1.76091e-014
8e-008,4.40816e-007,1.8117e-014
8e-008,4.46939e-007,1.85543e-014
8e-008,4.53061e-007,1.91295e-014
8e-008,4.59184e-007,1.96117e-014
8e-008,4.65306e-007,2.00468e-014
8e-008,4.71429e-007,2.0646e-014
8e-008,4.77551e-007,2.12743e-014
8e-008,4.83673e-007,2.19249e-014
8e-008,4.89796e-007,2.22942e-014
8e-008,4.95918e-007,2.29146e-014
8e-008,5.02041e-007,2.34676e-014
8e-008,5.08163e-007,2.41061e-014
8e-008,5.14286e-007,2.46423e-014
8e-008,5.20408e-007,2.54385e-014
8e-008,5.26531e-007,2.58865e-014
8e-008,5.32653e-007,2.66876e-014
8e-008,5.38776e-007,2.72928e-014
8e-008,5.44898e-007,2.77626e-014
8e-008,5.5102e-007,2.87647e-014
8e-008,5.57143e-007,2.96231e-014
8e-008,5.63265e-007,3.02454e-014
8e-008,5.69388e-007,3.09572e-014
8e-008,5.7551e-007,3.16752e-014
8e-008,5.81633e-007,3.23863e-014
8e-008,5.87755e-007,3.33412e-014
8e-008,5.93878e-007,3.4195e-014
8e-008,6e-007,3.48937e-014
